image_name,ground_truth_index,class_id,relative_area_percent,yolov8_iou,yolov8_confidence,yolo26_iou,yolo26_confidence,iou_advantage,confidence_advantage,image_path
m (82).jpg,2,3,0.6614635254000001,0.0,0.0,0.8750246200835043,0.27520647644996643,0.8750246200835043,0.27520647644996643,D:\BrainTumorDetection\dataset\processed\val\images\m (82).jpg
gg (136).jpg,4,0,0.07972497560000001,0.0,0.0,0.683738592804752,0.5781169533729553,0.683738592804752,0.5781169533729553,D:\BrainTumorDetection\dataset\processed\val\images\gg (136).jpg
Tr-pi_0212.jpg,2,3,1.0879569336,0.542541684111422,0.8730618357658386,0.920115856096424,0.7730362415313721,0.377574171985002,-0.10002559423446655,D:\BrainTumorDetection\dataset\processed\val\images\Tr-pi_0212.jpg
gg (536).jpg,1,0,1.1775967041,0.0,0.0,0.35861584159532506,0.5972001552581787,0.35861584159532506,0.5972001552581787,D:\BrainTumorDetection\dataset\processed\val\images\gg (536).jpg
Tr-pi_0812.jpg,1,3,1.0437,0.6223000235528592,0.5394192337989807,0.8080173398607493,0.7720624208450317,0.18571731630789012,0.23264318704605103,D:\BrainTumorDetection\dataset\processed\val\images\Tr-pi_0812.jpg
m (141).jpg,1,1,1.8402046875000002,0.6147804329306029,0.775729238986969,0.7549757321853511,0.8562411069869995,0.14019529925474816,0.08051186800003052,D:\BrainTumorDetection\dataset\processed\val\images\m (141).jpg
Tr-pi_0833.jpg,1,3,0.933834375,0.7059111614088598,0.828860342502594,0.8221623794237957,0.8591378331184387,0.11625121801493588,0.030277490615844727,D:\BrainTumorDetection\dataset\processed\val\images\Tr-pi_0833.jpg
Tr-pi_0524.jpg,1,3,1.0917729003999999,0.8376221124801883,0.8019752502441406,0.9328614667341364,0.897750735282898,0.09523935425394814,0.09577548503875732,D:\BrainTumorDetection\dataset\processed\val\images\Tr-pi_0524.jpg
Tr-pi_0321.jpg,1,3,0.7621822753999999,0.8224102151899654,0.8822018504142761,0.9143667627296782,0.8940998911857605,0.09195654753971283,0.011898040771484375,D:\BrainTumorDetection\dataset\processed\val\images\Tr-pi_0321.jpg
gg (271).jpg,1,0,1.6860881836000003,0.7208391533224349,0.8615435361862183,0.8126051379690982,0.9202058911323547,0.0917659846466633,0.058662354946136475,D:\BrainTumorDetection\dataset\processed\val\images\gg (271).jpg
Tr-pi_0183.jpg,1,3,0.43945,0.6991867954874231,0.8273352980613708,0.7844696549244855,0.831871509552002,0.08528285943706237,0.0045362114906311035,D:\BrainTumorDetection\dataset\processed\val\images\Tr-pi_0183.jpg
gg (277).jpg,1,3,0.7781986328000001,0.8218405432157874,0.8053726553916931,0.9021166546039561,0.8034560084342957,0.0802761113881687,-0.001916646957397461,D:\BrainTumorDetection\dataset\processed\val\images\gg (277).jpg
gg (324).jpg,2,3,0.5126937500000001,0.8502193217348757,0.8480557799339294,0.9287900995799069,0.8716673851013184,0.07857077784503119,0.023611605167388916,D:\BrainTumorDetection\dataset\processed\val\images\gg (324).jpg
Tr-pi_1318.jpg,1,3,0.7850612793,0.8718432163550598,0.8722279667854309,0.9494402865608847,0.8994590640068054,0.07759707020582496,0.02723109722137451,D:\BrainTumorDetection\dataset\processed\val\images\Tr-pi_1318.jpg
p (723).jpg,1,3,1.8455416504,0.8045687357198831,0.7436788082122803,0.8755860094386124,0.8819150328636169,0.07101727371872935,0.13823622465133667,D:\BrainTumorDetection\dataset\processed\val\images\p (723).jpg
m (15).jpg,2,3,0.4119890625,0.7959498372007207,0.3283832371234894,0.8648659160974413,0.43563589453697205,0.06891607889672069,0.10725265741348267,D:\BrainTumorDetection\dataset\processed\val\images\m (15).jpg
p (691).jpg,1,3,1.3053822754000002,0.8724958405035373,0.8599825501441956,0.9413570442791946,0.9177907109260559,0.0688612037756573,0.05780816078186035,D:\BrainTumorDetection\dataset\processed\val\images\p (691).jpg
Tr-gl_0343.jpg,2,3,0.26855625,0.7579643397528689,0.6021577715873718,0.8245000935133764,0.44262635707855225,0.06653575376050747,-0.15953141450881958,D:\BrainTumorDetection\dataset\processed\val\images\Tr-gl_0343.jpg
Tr-pi_0999.jpg,1,3,0.6042472656,0.8612868320125516,0.8499806523323059,0.9246005933025866,0.9041228294372559,0.06331376129003496,0.05414217710494995,D:\BrainTumorDetection\dataset\processed\val\images\Tr-pi_0999.jpg
Tr-pi_1063.jpg,1,3,0.6233208495999999,0.8974277900914579,0.8679612874984741,0.9583984575013508,0.8958806395530701,0.060970667409892876,0.027919352054595947,D:\BrainTumorDetection\dataset\processed\val\images\Tr-pi_1063.jpg
gg (21).jpg,1,0,1.074225,0.8400498973184033,0.8795549869537354,0.8994288926582319,0.8697746992111206,0.0593789953398286,-0.009780287742614746,D:\BrainTumorDetection\dataset\processed\val\images\gg (21).jpg
Tr-pi_0617.jpg,1,3,0.8602138916000001,0.8498373181595104,0.8087490797042847,0.9044722382182686,0.9299760460853577,0.05463492005875825,0.121226966381073,D:\BrainTumorDetection\dataset\processed\val\images\Tr-pi_0617.jpg
gg (140).jpg,2,3,0.6256093749999999,0.8911325012191882,0.6377100348472595,0.9421505310030353,0.7561091184616089,0.05101802978384706,0.11839908361434937,D:\BrainTumorDetection\dataset\processed\val\images\gg (140).jpg
Tr-pi_0935.jpg,1,3,0.6099701416,0.7962407124993702,0.8102384209632874,0.8468875135568847,0.7715498208999634,0.05064680105751451,-0.038688600063323975,D:\BrainTumorDetection\dataset\processed\val\images\Tr-pi_0935.jpg
Tr-gl_0495.jpg,1,0,0.915525,0.8764638900322461,0.8910150527954102,0.9256577024794443,0.9304316639900208,0.049193812447198226,0.039416611194610596,D:\BrainTumorDetection\dataset\processed\val\images\Tr-gl_0495.jpg
gg (131).jpg,1,0,0.7587416748000001,0.800842266617417,0.8381488919258118,0.8495568138559313,0.8820233345031738,0.048714547238514316,0.04387444257736206,D:\BrainTumorDetection\dataset\processed\val\images\gg (131).jpg
m (75).jpg,1,1,1.3847340332,0.8549401880158928,0.8922377824783325,0.9014091524380841,0.8941366076469421,0.04646896442219128,0.0018988251686096191,D:\BrainTumorDetection\dataset\processed\val\images\m (75).jpg
Te-pi_0041.jpg,1,3,1.7089875,0.856479986914347,0.9167916774749756,0.901682702193178,0.40381914377212524,0.04520271527883102,-0.5129725337028503,D:\BrainTumorDetection\dataset\processed\val\images\Te-pi_0041.jpg
m (35).jpg,1,1,0.7141027343999999,0.8525509510578436,0.8368433117866516,0.8944845285909129,0.8447046279907227,0.041933577533069255,0.007861316204071045,D:\BrainTumorDetection\dataset\processed\val\images\m (35).jpg
Tr-piTr_0005.jpg,1,3,0.5836489746000001,0.9063592821888582,0.8804671764373779,0.9476310481416395,0.920894980430603,0.04127176595278126,0.0404278039932251,D:\BrainTumorDetection\dataset\processed\val\images\Tr-piTr_0005.jpg
gg (135).jpg,1,0,1.8024416748,0.9271234496758937,0.888861358165741,0.9681079834151594,0.893174946308136,0.040984533739265694,0.0043135881423950195,D:\BrainTumorDetection\dataset\processed\val\images\gg (135).jpg
gg (95).jpg,1,0,1.5525809082,0.9134594934125384,0.8434999585151672,0.9523748462876529,0.9210150837898254,0.038915352875114495,0.0775151252746582,D:\BrainTumorDetection\dataset\processed\val\images\gg (95).jpg
Tr-pi_1259.jpg,1,3,1.8081756836,0.8215879947553951,0.8961255550384521,0.8592756932707651,0.8301694989204407,0.037687698515370016,-0.06595605611801147,D:\BrainTumorDetection\dataset\processed\val\images\Tr-pi_1259.jpg
Tr-gl_1171.jpg,2,3,1.0894734375,0.8853773557985334,0.7967516779899597,0.9229492782663921,0.8360930681228638,0.037571922467858676,0.03934139013290405,D:\BrainTumorDetection\dataset\processed\val\images\Tr-gl_1171.jpg
Tr-gl_0507.jpg,1,0,0.915525,0.9222352098262955,0.9015787839889526,0.9573203930276754,0.9357391595840454,0.03508518320137988,0.03416037559509277,D:\BrainTumorDetection\dataset\processed\val\images\Tr-gl_0507.jpg
gg (295).jpg,1,0,1.8253361084000002,0.8600491177649355,0.5656715631484985,0.8944227997457335,0.6042745113372803,0.03437368198079793,0.03860294818878174,D:\BrainTumorDetection\dataset\processed\val\images\gg (295).jpg
Te-pi_0058.jpg,1,3,1.9935583496000002,0.9121646513331644,0.896765947341919,0.945819403476474,0.9182857275009155,0.033654752143309596,0.021519780158996582,D:\BrainTumorDetection\dataset\processed\val\images\Te-pi_0058.jpg
m3 (221).jpg,1,1,0.49095139159999995,0.8261420332112505,0.7687742710113525,0.8590851841586659,0.7089660167694092,0.0329431509474154,-0.05980825424194336,D:\BrainTumorDetection\dataset\processed\val\images\m3 (221).jpg
Tr-me_0118.jpg,1,1,0.964539375,0.6122377245359296,0.8514751195907593,0.6450093133923361,0.7775833606719971,0.03277158885640652,-0.07389175891876221,D:\BrainTumorDetection\dataset\processed\val\images\Tr-me_0118.jpg
Tr-pi_0016.jpg,1,3,0.9513791504,0.8590939509368702,0.8152362108230591,0.8915059408238318,0.9037153720855713,0.03241198988696159,0.08847916126251221,D:\BrainTumorDetection\dataset\processed\val\images\Tr-pi_0016.jpg
gg (264).jpg,1,0,0.8331232422,0.8755845057852459,0.8258358240127563,0.9079087115195499,0.8528883457183838,0.032324205734303946,0.02705252170562744,D:\BrainTumorDetection\dataset\processed\val\images\gg (264).jpg
Tr-me_1096.jpg,2,3,0.32043886720000003,0.8003401014839152,0.6936075091362,0.8307723319504579,0.41172537207603455,0.030432230466542642,-0.2818821370601654,D:\BrainTumorDetection\dataset\processed\val\images\Tr-me_1096.jpg
p (736).jpg,1,3,1.21765,0.8750395097435884,0.9034224152565002,0.9047450428757791,0.9096931219100952,0.02970553313219071,0.006270706653594971,D:\BrainTumorDetection\dataset\processed\val\images\p (736).jpg
Tr-pi_0211.jpg,1,3,1.0505661621,0.905647351025884,0.8567132353782654,0.9341486971291468,0.871886670589447,0.028501346103262826,0.01517343521118164,D:\BrainTumorDetection\dataset\processed\val\images\Tr-pi_0211.jpg
gg (136).jpg,3,0,0.3433256836,0.912426084706753,0.8584360480308533,0.940621430582004,0.6375607252120972,0.028195345875250966,-0.2208753228187561,D:\BrainTumorDetection\dataset\processed\val\images\gg (136).jpg
Tr-pi_0137.jpg,1,3,0.7049546875,0.8340783459418823,0.8709073066711426,0.862127096417142,0.6721087694168091,0.028048750475259676,-0.1987985372543335,D:\BrainTumorDetection\dataset\processed\val\images\Tr-pi_0137.jpg
m (34).jpg,1,1,0.6788580921,0.8826861355988023,0.8609791994094849,0.9102184097607345,0.9171229600906372,0.02753227416193227,0.056143760681152344,D:\BrainTumorDetection\dataset\processed\val\images\m (34).jpg
Tr-pi_1235.jpg,1,3,1.7063173583999998,0.8758197537984829,0.886254608631134,0.9027941877129984,0.5146847367286682,0.026974433914515483,-0.3715698719024658,D:\BrainTumorDetection\dataset\processed\val\images\Tr-pi_1235.jpg
Tr-pi_0437.jpg,1,3,1.7204277832000001,0.9042406180153698,0.8906941413879395,0.930458093492098,0.6531392335891724,0.026217475476728147,-0.2375549077987671,D:\BrainTumorDetection\dataset\processed\val\images\Tr-pi_0437.jpg
gg (132).jpg,1,0,1.7852888672000002,0.9206586683393588,0.8703017830848694,0.9467069924047096,0.2675377428531647,0.026048324065350736,-0.6027640402317047,D:\BrainTumorDetection\dataset\processed\val\images\gg (132).jpg
m3 (1).jpg,1,1,0.5126937500000001,0.8379320403786958,0.8189706206321716,0.8636766685106615,0.8224846124649048,0.025744628131965652,0.0035139918327331543,D:\BrainTumorDetection\dataset\processed\val\images\m3 (1).jpg
m1(46).jpg,1,1,1.8657614502000004,0.888885600817756,0.9089763164520264,0.9145880628147899,0.6509406566619873,0.025702461997033854,-0.25803565979003906,D:\BrainTumorDetection\dataset\processed\val\images\m1(46).jpg
Tr-pi_1372.jpg,1,3,0.8693687744,0.8691817965735152,0.8756084442138672,0.8914745237519885,0.9198243021965027,0.022292727178473304,0.0442158579826355,D:\BrainTumorDetection\dataset\processed\val\images\Tr-pi_1372.jpg
m1(65).jpg,1,1,0.5950937500000001,0.8895966465364786,0.8803215026855469,0.9109423770940653,0.8926989436149597,0.021345730557586706,0.012377440929412842,D:\BrainTumorDetection\dataset\processed\val\images\m1(65).jpg
m2 (109).jpg,1,1,1.4892625,0.9031322873839409,0.8825225234031677,0.9243675062663254,0.5465373992919922,0.021235218882384443,-0.33598512411117554,D:\BrainTumorDetection\dataset\processed\val\images\m2 (109).jpg
Tr-me_1250.jpg,1,1,1.64795625,0.7960779296850163,0.8531160950660706,0.817282673079896,0.8804656863212585,0.021204743394879655,0.02734959125518799,D:\BrainTumorDetection\dataset\processed\val\images\Tr-me_1250.jpg
Tr-pi_0067.jpg,1,3,0.6103515625,0.9316088243503734,0.9152177572250366,0.9527729765667042,0.8912916779518127,0.021164152216330834,-0.023926079273223877,D:\BrainTumorDetection\dataset\processed\val\images\Tr-pi_0067.jpg
Tr-pi_0189.jpg,1,3,1.2828770752,0.8370425131682085,0.8976290225982666,0.8570379923068537,0.9503884315490723,0.01999547913864519,0.052759408950805664,D:\BrainTumorDetection\dataset\processed\val\images\Tr-pi_0189.jpg
m (100).jpg,1,1,1.3729093994,0.9329186547646274,0.8885235786437988,0.9526240640047533,0.9247214794158936,0.01970540924012587,0.03619790077209473,D:\BrainTumorDetection\dataset\processed\val\images\m (100).jpg
Tr-pi_0354.jpg,1,3,1.0711642577999998,0.93234029587356,0.8920496106147766,0.9512351372330158,0.8654661178588867,0.01889484135945574,-0.026583492755889893,D:\BrainTumorDetection\dataset\processed\val\images\Tr-pi_0354.jpg
Tr-pi_1276.jpg,1,3,1.9130687744000001,0.9242043844018789,0.9310004115104675,0.9430897199485476,0.5116052031517029,0.018885335546668713,-0.41939520835876465,D:\BrainTumorDetection\dataset\processed\val\images\Tr-pi_1276.jpg
Tr-pi_0984.jpg,1,3,1.4419631836,0.7764139200292182,0.8914267420768738,0.7950276724387257,0.8863279223442078,0.018613752409507578,-0.005098819732666016,D:\BrainTumorDetection\dataset\processed\val\images\Tr-pi_0984.jpg
gg (22).jpg,1,0,0.8392361328000001,0.9293693215870764,0.9003136157989502,0.9478772631633873,0.9470751285552979,0.01850794157631086,0.046761512756347656,D:\BrainTumorDetection\dataset\processed\val\images\gg (22).jpg
gg (136).jpg,1,0,0.8182501709,0.9008153296766448,0.8119493126869202,0.919166964302328,0.8338356614112854,0.018351634625683233,0.021886348724365234,D:\BrainTumorDetection\dataset\processed\val\images\gg (136).jpg
Tr-pi_0528.jpg,1,3,1.062009375,0.9035983456756376,0.8254756927490234,0.9216126412033565,0.9124952554702759,0.018014295527718938,0.08701956272125244,D:\BrainTumorDetection\dataset\processed\val\images\Tr-pi_0528.jpg
Tr-pi_0327.jpg,1,3,0.518796875,0.893492809318698,0.5578925609588623,0.910776936859528,0.5957164764404297,0.017284127540829974,0.03782391548156738,D:\BrainTumorDetection\dataset\processed\val\images\Tr-pi_0327.jpg
m (45).jpg,2,1,1.342775,0.8525578767539438,0.8793339729309082,0.8695401304814684,0.908594012260437,0.0169822537275246,0.02926003932952881,D:\BrainTumorDetection\dataset\processed\val\images\m (45).jpg
Tr-gl_0343.jpg,1,0,0.9063794921999999,0.887371462754794,0.911447286605835,0.9040765032492297,0.9430839419364929,0.016705040494435774,0.03163665533065796,D:\BrainTumorDetection\dataset\processed\val\images\Tr-gl_0343.jpg
p (780).jpg,2,3,1.0814723877,0.4355925814341018,0.4295676052570343,0.45229155000440163,0.5989753007888794,0.016698968570299844,0.1694076955318451,D:\BrainTumorDetection\dataset\processed\val\images\p (780).jpg
Tr-pi_0884.jpg,1,3,0.9613048828000001,0.9326450904220802,0.9138637781143188,0.9487185771158712,0.9444808959960938,0.01607348669379094,0.030617117881774902,D:\BrainTumorDetection\dataset\processed\val\images\Tr-pi_0884.jpg
m (80).jpg,1,1,0.4783637206999999,0.825655342731036,0.8161450624465942,0.8411484144589195,0.8772240877151489,0.0154930717278835,0.06107902526855469,D:\BrainTumorDetection\dataset\processed\val\images\m (80).jpg
Te-pi_0036.jpg,1,3,0.5786916747999999,0.8539524837078031,0.887120246887207,0.8692318938914237,0.827774167060852,0.015279410183620667,-0.05934607982635498,D:\BrainTumorDetection\dataset\processed\val\images\Te-pi_0036.jpg
Tr-me_1116.jpg,1,1,1.4381362793000003,0.9096042258255155,0.9166392087936401,0.9247782533222711,0.9161720871925354,0.015174027496755671,-0.00046712160110473633,D:\BrainTumorDetection\dataset\processed\val\images\Tr-me_1116.jpg
m (39).jpg,1,1,1.4190763672,0.9285428643039007,0.9268617033958435,0.942558739537413,0.9157443046569824,0.014015875233512332,-0.011117398738861084,D:\BrainTumorDetection\dataset\processed\val\images\m (39).jpg
Tr-pi_0972.jpg,1,3,0.6256093749999999,0.8961487287573097,0.9115217328071594,0.9100877612295106,0.29902413487434387,0.013939032472200963,-0.6124975979328156,D:\BrainTumorDetection\dataset\processed\val\images\Tr-pi_0972.jpg
p (807).jpg,1,3,0.7896479004,0.733259145388966,0.6779557466506958,0.7462970731185042,0.8394696712493896,0.013037927729538268,0.16151392459869385,D:\BrainTumorDetection\dataset\processed\val\images\p (807).jpg
Tr-pi_1448.jpg,1,3,1.4392869873,0.9204307900331905,0.8797939419746399,0.9332983681857969,0.9121937155723572,0.012867578152606418,0.032399773597717285,D:\BrainTumorDetection\dataset\processed\val\images\Tr-pi_1448.jpg
Tr-me_0463.jpg,1,1,0.6916072997999999,0.8654749534790974,0.8271621465682983,0.8779441169831504,0.8486583828926086,0.012469163504053027,0.021496236324310303,D:\BrainTumorDetection\dataset\processed\val\images\Tr-me_0463.jpg
gg (27).jpg,1,0,1.6555850585999998,0.8724044999854508,0.8704916834831238,0.884788240912753,0.8829019069671631,0.012383740927302211,0.012410223484039307,D:\BrainTumorDetection\dataset\processed\val\images\gg (27).jpg
Tr-pi_1025.jpg,1,3,0.6866484374999999,0.8721087478190165,0.8866807222366333,0.8841263647344655,0.8226382732391357,0.012017616915449003,-0.06404244899749756,D:\BrainTumorDetection\dataset\processed\val\images\Tr-pi_1025.jpg
Tr-pi_0546.jpg,1,3,1.0299680664,0.5992586667031137,0.8594508171081543,0.610702117875526,0.9167383909225464,0.0114434511724123,0.05728757381439209,D:\BrainTumorDetection\dataset\processed\val\images\Tr-pi_0546.jpg
Tr-gl_1165.jpg,1,0,1.8913182129,0.9625462145097493,0.9280776381492615,0.9732470899614756,0.9403370022773743,0.010700875451726266,0.012259364128112793,D:\BrainTumorDetection\dataset\processed\val\images\Tr-gl_1165.jpg
Tr-pi_1314.jpg,1,3,1.1474625,0.874156092680001,0.8896669149398804,0.8846519450226104,0.9361372590065002,0.010495852342609302,0.04647034406661987,D:\BrainTumorDetection\dataset\processed\val\images\Tr-pi_1314.jpg
m (185).jpg,1,1,1.5136749999999999,0.9122992555387983,0.8935919404029846,0.9227656894082733,0.9187183976173401,0.01046643386947499,0.02512645721435547,D:\BrainTumorDetection\dataset\processed\val\images\m (185).jpg
gg (37).jpg,1,0,1.5045076172000003,0.9223908957905254,0.9208662509918213,0.9326868931716886,0.9216098189353943,0.010295997381163269,0.000743567943572998,D:\BrainTumorDetection\dataset\processed\val\images\gg (37).jpg
Tr-pi_0590.jpg,1,3,0.6568878418,0.9136950024607985,0.8529377579689026,0.9238724252220818,0.9029691815376282,0.010177422761283306,0.050031423568725586,D:\BrainTumorDetection\dataset\processed\val\images\Tr-pi_0590.jpg
gg (558).jpg,1,0,1.21765,0.9287509196482624,0.9357463121414185,0.9387766357499481,0.9476932287216187,0.010025716101685678,0.011946916580200195,D:\BrainTumorDetection\dataset\processed\val\images\gg (558).jpg
Tr-gl_0488.jpg,1,0,1.1726395996,0.8803262544555411,0.9185007810592651,0.8899474759937734,0.8977755904197693,0.009621221538232305,-0.02072519063949585,D:\BrainTumorDetection\dataset\processed\val\images\Tr-gl_0488.jpg
Tr-me_1226.jpg,1,1,1.3847340332,0.9411151632268423,0.9122428894042969,0.9505430212027679,0.9185331463813782,0.009427857975925602,0.006290256977081299,D:\BrainTumorDetection\dataset\processed\val\images\Tr-me_1226.jpg
Tr-pi_0933.jpg,1,3,0.6099701416,0.9429296020727,0.8997687697410583,0.9522853806014445,0.9215779304504395,0.009355778528744474,0.021809160709381104,D:\BrainTumorDetection\dataset\processed\val\images\Tr-pi_0933.jpg
Tr-pi_0194.jpg,1,3,0.5767763672,0.9082523723978314,0.8929620385169983,0.9175710733474041,0.9147063493728638,0.009318700949572656,0.02174431085586548,D:\BrainTumorDetection\dataset\processed\val\images\Tr-pi_0194.jpg
Tr-pi_1379.jpg,1,3,0.2323187256,0.8696602462028844,0.8670807480812073,0.8789399090587797,0.9127944111824036,0.009279662855895321,0.04571366310119629,D:\BrainTumorDetection\dataset\processed\val\images\Tr-pi_1379.jpg
Tr-pi_0818.jpg,1,3,1.2062052246,0.9008834813338608,0.895268440246582,0.9096267609344724,0.881491482257843,0.008743279600611609,-0.013776957988739014,D:\BrainTumorDetection\dataset\processed\val\images\Tr-pi_0818.jpg
Tr-gl_0400.jpg,1,0,1.4419631836,0.8619079220822442,0.8839239478111267,0.8700741041455033,0.9069579243659973,0.008166182063259142,0.023033976554870605,D:\BrainTumorDetection\dataset\processed\val\images\Tr-gl_0400.jpg
m1(2).jpg,1,1,1.9067925730000002,0.9065777874885271,0.8862753510475159,0.9144074114339437,0.9014736413955688,0.00782962394541653,0.015198290348052979,D:\BrainTumorDetection\dataset\processed\val\images\m1(2).jpg
Tr-pi_0124.jpg,1,3,1.0734494629,0.9291901404073472,0.9080555438995361,0.9367345091189027,0.7177852392196655,0.007544368711555505,-0.1902703046798706,D:\BrainTumorDetection\dataset\processed\val\images\Tr-pi_0124.jpg
m (103).jpg,1,1,1.82495625,0.9343698162020915,0.7272464632987976,0.9418031414545971,0.8101980686187744,0.007433325252505618,0.0829516053199768,D:\BrainTumorDetection\dataset\processed\val\images\m (103).jpg
Tr-pi_1446.jpg,1,3,1.5567874756,0.8924759288834452,0.9270513653755188,0.8991993962261102,0.8080235719680786,0.006723467342665046,-0.11902779340744019,D:\BrainTumorDetection\dataset\processed\val\images\Tr-pi_1446.jpg
Tr-pi_0897.jpg,1,3,1.2496899414,0.9112770970490557,0.9129250645637512,0.9176289836447292,0.9366836547851562,0.006351886595673539,0.02375859022140503,D:\BrainTumorDetection\dataset\processed\val\images\Tr-pi_0897.jpg
gg (78).jpg,1,0,1.4892625,0.9485982345947473,0.9167101979255676,0.9547944512001424,0.9398479461669922,0.006196216605395044,0.02313774824142456,D:\BrainTumorDetection\dataset\processed\val\images\gg (78).jpg
m2 (153).jpg,1,1,1.2332999756,0.9537573584100916,0.922386109828949,0.9599494647280077,0.9144148826599121,0.006192106317916113,-0.007971227169036865,D:\BrainTumorDetection\dataset\processed\val\images\m2 (153).jpg
Tr-pi_0588.jpg,1,3,1.1867515869,0.9152526081537907,0.8855052590370178,0.9212813824512947,0.927341103553772,0.006028774297503925,0.04183584451675415,D:\BrainTumorDetection\dataset\processed\val\images\Tr-pi_0588.jpg
Tr-pi_0339.jpg,1,3,1.2771663085999998,0.9491192905663778,0.8959394097328186,0.9550381665527905,0.9394769072532654,0.005918875986412719,0.04353749752044678,D:\BrainTumorDetection\dataset\processed\val\images\Tr-pi_0339.jpg
Tr-pi_0504.jpg,1,3,0.9677812256,0.900704420948272,0.8150454759597778,0.9064605325753718,0.8685259819030762,0.00575611162709988,0.05348050594329834,D:\BrainTumorDetection\dataset\processed\val\images\Tr-pi_0504.jpg
Tr-gl_1162.jpg,1,0,1.3000499999999997,0.9006074402635486,0.8954554796218872,0.906328919047542,0.9352596998214722,0.005721478783993428,0.03980422019958496,D:\BrainTumorDetection\dataset\processed\val\images\Tr-gl_1162.jpg
Tr-pi_0234.jpg,1,3,1.342775,0.9608957614258616,0.9112339019775391,0.9659249777202532,0.8849500417709351,0.00502921629439157,-0.026283860206604004,D:\BrainTumorDetection\dataset\processed\val\images\Tr-pi_0234.jpg
Tr-pi_1267.jpg,1,3,1.153565625,0.9138983084153461,0.8903693556785583,0.9188546701530768,0.9161221385002136,0.004956361737730619,0.025752782821655273,D:\BrainTumorDetection\dataset\processed\val\images\Tr-pi_1267.jpg
gg (397).jpg,1,0,1.2149782959,0.9217297953201511,0.9033800959587097,0.9266019513110957,0.9283568859100342,0.004872155990944593,0.024976789951324463,D:\BrainTumorDetection\dataset\processed\val\images\gg (397).jpg
Tr-pi_0572.jpg,1,3,1.3160708496,0.6786432919136389,0.8618820905685425,0.6833109212614935,0.8728863596916199,0.004667629347854585,0.011004269123077393,D:\BrainTumorDetection\dataset\processed\val\images\Tr-pi_0572.jpg
Tr-pi_0432.jpg,1,3,0.5767763672,0.955594697754825,0.857539176940918,0.960222624635606,0.8934540748596191,0.004627926880781064,0.03591489791870117,D:\BrainTumorDetection\dataset\processed\val\images\Tr-pi_0432.jpg
Tr-gl_1151.jpg,1,0,1.8211447754,0.9352917886092378,0.8501914143562317,0.9397518611479724,0.9374179244041443,0.004460072538734594,0.0872265100479126,D:\BrainTumorDetection\dataset\processed\val\images\Tr-gl_1151.jpg
gg (24).jpg,1,0,1.8684440917999998,0.915387116800098,0.8950566649436951,0.9197778568666648,0.6069257855415344,0.004390740066566812,-0.28813087940216064,D:\BrainTumorDetection\dataset\processed\val\images\gg (24).jpg
gg (489).jpg,1,0,1.4629302002000002,0.954920290986582,0.93058842420578,0.9589915983332619,0.9151674509048462,0.00407130734667982,-0.015420973300933838,D:\BrainTumorDetection\dataset\processed\val\images\gg (489).jpg
Tr-pi_1442.jpg,1,3,1.770015625,0.9572307976048621,0.9323188662528992,0.961103211400759,0.7669423818588257,0.0038724137958969784,-0.1653764843940735,D:\BrainTumorDetection\dataset\processed\val\images\Tr-pi_1442.jpg
gg (140).jpg,1,0,1.9500749999999998,0.8984928502485868,0.9275621771812439,0.9010810134092093,0.9459937214851379,0.002588163160622492,0.018431544303894043,D:\BrainTumorDetection\dataset\processed\val\images\gg (140).jpg
m (167).jpg,1,1,1.6742729248000001,0.9587526391005822,0.896617591381073,0.9612217923507879,0.8921595811843872,0.002469153250205691,-0.004458010196685791,D:\BrainTumorDetection\dataset\processed\val\images\m (167).jpg
Tr-pi_1053.jpg,1,3,1.7124077881,0.9636116124212332,0.9279649257659912,0.9659028452783045,0.9321115612983704,0.0022912328570713347,0.00414663553237915,D:\BrainTumorDetection\dataset\processed\val\images\Tr-pi_1053.jpg
gg (506).jpg,1,0,1.3733027344,0.924900544601389,0.8386931419372559,0.9270856189259898,0.9028099179267883,0.0021850743246007998,0.06411677598953247,D:\BrainTumorDetection\dataset\processed\val\images\gg (506).jpg
Tr-pi_0648.jpg,1,3,0.8544921875,0.7605727743815343,0.8435271978378296,0.7624926166485514,0.8727197051048279,0.0019198422670171356,0.02919250726699829,D:\BrainTumorDetection\dataset\processed\val\images\Tr-pi_0648.jpg
gg (81).jpg,1,3,0.1815805664,0.43918875985596667,0.5976594686508179,0.4408929154604646,0.2796453535556793,0.0017041556044979367,-0.31801411509513855,D:\BrainTumorDetection\dataset\processed\val\images\gg (81).jpg
m (165).jpg,1,1,1.89209375,0.7675624504895762,0.8801364898681641,0.7692323307376113,0.9266847372055054,0.0016698802480351604,0.04654824733734131,D:\BrainTumorDetection\dataset\processed\val\images\m (165).jpg
gg (136).jpg,2,0,0.6866388672,0.8937927098968542,0.8415865302085876,0.8951308874829791,0.8438640832901001,0.0013381775861248668,0.002277553081512451,D:\BrainTumorDetection\dataset\processed\val\images\gg (136).jpg
gg (498).jpg,1,0,0.8056687499999999,0.9449306890710926,0.8816908597946167,0.9462534841075004,0.8155244588851929,0.0013227950364078644,-0.06616640090942383,D:\BrainTumorDetection\dataset\processed\val\images\gg (498).jpg
Tr-pi_0482.jpg,1,3,1.3031046875,0.8826139233089817,0.8990408778190613,0.8836181330297959,0.9443222284317017,0.0010042097208141643,0.04528135061264038,D:\BrainTumorDetection\dataset\processed\val\images\Tr-pi_0482.jpg
Tr-pi_0212.jpg,1,3,0.5607557129,0.2744175132182012,0.8730618357658386,0.27523499147468433,0.2553732991218567,0.0008174782564831506,-0.6176885366439819,D:\BrainTumorDetection\dataset\processed\val\images\Tr-pi_0212.jpg
Tr-pi_1430.jpg,1,3,1.1901847656,0.9282841384534545,0.9051720499992371,0.9286559444104376,0.8974723815917969,0.0003718059569831622,-0.0076996684074401855,D:\BrainTumorDetection\dataset\processed\val\images\Tr-pi_1430.jpg
Tr-gl_0369.jpg,1,0,1.60216875,0.7952117366023945,0.886273205280304,0.795294302756743,0.905796468257904,8.256615434842907e-05,0.019523262977600098,D:\BrainTumorDetection\dataset\processed\val\images\Tr-gl_0369.jpg
gg (254).jpg,1,0,0.6351531006,0.0,0.0,0.0,0.0,0.0,0.0,D:\BrainTumorDetection\dataset\processed\val\images\gg (254).jpg
gg (254).jpg,2,0,0.5508459960999998,0.0,0.0,0.0,0.0,0.0,0.0,D:\BrainTumorDetection\dataset\processed\val\images\gg (254).jpg
gg (27).jpg,3,3,0.6546069336,0.0,0.0,0.0,0.0,0.0,0.0,D:\BrainTumorDetection\dataset\processed\val\images\gg (27).jpg
gg (558).jpg,2,3,0.6843597168,0.0,0.0,0.0,0.0,0.0,0.0,D:\BrainTumorDetection\dataset\processed\val\images\gg (558).jpg
gg (95).jpg,2,0,0.1953125,0.0,0.0,0.0,0.0,0.0,0.0,D:\BrainTumorDetection\dataset\processed\val\images\gg (95).jpg
Tr-gl_0474.jpg,1,3,0.2136222656,0.0,0.0,0.0,0.0,0.0,0.0,D:\BrainTumorDetection\dataset\processed\val\images\Tr-gl_0474.jpg
Tr-gl_1149.jpg,2,0,0.0411993164,0.0,0.0,0.0,0.0,0.0,0.0,D:\BrainTumorDetection\dataset\processed\val\images\Tr-gl_1149.jpg
Tr-meTr_0004.jpg,1,3,0.3524805664,0.0,0.0,0.0,0.0,0.0,0.0,D:\BrainTumorDetection\dataset\processed\val\images\Tr-meTr_0004.jpg
Tr-pi_0485.jpg,1,3,1.5792958008,0.9107834039984052,0.928887665271759,0.910442126414971,0.9481372237205505,-0.00034127758343416303,0.019249558448791504,D:\BrainTumorDetection\dataset\processed\val\images\Tr-pi_0485.jpg
gg (31).jpg,1,0,1.64795625,0.9562130556406985,0.909985363483429,0.9558181510387188,0.9036712050437927,-0.00039490460197966204,-0.0063141584396362305,D:\BrainTumorDetection\dataset\processed\val\images\gg (31).jpg
Tr-gl_0691.jpg,1,0,1.8100704834000003,0.9277689160316224,0.9376226663589478,0.9268619432236137,0.9290733337402344,-0.0009069728080086659,-0.008549332618713379,D:\BrainTumorDetection\dataset\processed\val\images\Tr-gl_0691.jpg
Tr-gl_1264.jpg,2,0,0.32729877929999995,0.19839558121874112,0.902737021446228,0.19712249108135077,0.9199230670928955,-0.0012730901373903536,0.01718604564666748,D:\BrainTumorDetection\dataset\processed\val\images\Tr-gl_1264.jpg
Tr-gl_1264.jpg,3,0,0.1525839844,0.09122220860264307,0.902737021446228,0.0898731912152899,0.9199230670928955,-0.0013490173873531713,0.01718604564666748,D:\BrainTumorDetection\dataset\processed\val\images\Tr-gl_1264.jpg
Tr-gl_1264.jpg,1,0,0.8117703124999999,0.49133416633723903,0.902737021446228,0.4889055392388586,0.9199230670928955,-0.0024286270983804314,0.01718604564666748,D:\BrainTumorDetection\dataset\processed\val\images\Tr-gl_1264.jpg
Tr-pi_1416.jpg,1,3,1.8680468506,0.9077987311303214,0.9086502194404602,0.9048367698687318,0.3412677049636841,-0.0029619612615895408,-0.5673825144767761,D:\BrainTumorDetection\dataset\processed\val\images\Tr-pi_1416.jpg
Tr-pi_1110.jpg,1,3,0.5786916747999999,0.8935194205591912,0.8584500551223755,0.8903141556403307,0.8952276706695557,-0.0032052649188605287,0.036777615547180176,D:\BrainTumorDetection\dataset\processed\val\images\Tr-pi_1110.jpg
gg (54).jpg,1,0,1.3885484375000001,0.8426978867941181,0.8383779525756836,0.8394911291944178,0.8699659109115601,-0.0032067575997002384,0.031587958335876465,D:\BrainTumorDetection\dataset\processed\val\images\gg (54).jpg
m3 (160).jpg,1,1,1.5823354492000001,0.9778857731900739,0.9131726026535034,0.9746698097192718,0.9247204661369324,-0.003215963470802108,0.011547863483428955,D:\BrainTumorDetection\dataset\processed\val\images\m3 (160).jpg
Tr-pi_1117.jpg,1,3,1.1062569336,0.9817233151494603,0.8753430843353271,0.9776498788431291,0.9070780873298645,-0.0040734363063311685,0.031735002994537354,D:\BrainTumorDetection\dataset\processed\val\images\Tr-pi_1117.jpg
Tr-pi_0401.jpg,1,3,1.0505661621,0.9480192833007557,0.923316240310669,0.9438669474190795,0.922619104385376,-0.0041523358816761835,-0.0006971359252929688,D:\BrainTumorDetection\dataset\processed\val\images\Tr-pi_0401.jpg
Tr-gl_1138.jpg,1,0,1.0108958496,0.9627891172514698,0.9509130716323853,0.9581852850036335,0.934724748134613,-0.004603832247836226,-0.016188323497772217,D:\BrainTumorDetection\dataset\processed\val\images\Tr-gl_1138.jpg
Tr-pi_1251.jpg,1,3,1.4312703125,0.9596059459479999,0.9050989151000977,0.9549927297211253,0.917668342590332,-0.004613216226874606,0.012569427490234375,D:\BrainTumorDetection\dataset\processed\val\images\Tr-pi_1251.jpg
Tr-me_0408.jpg,1,1,1.2100198242,0.9395015690997535,0.902109682559967,0.9344788349469381,0.9284299612045288,-0.0050227341528154,0.026320278644561768,D:\BrainTumorDetection\dataset\processed\val\images\Tr-me_0408.jpg
Tr-pi_0168.jpg,1,3,1.1306694336,0.6625808217577299,0.8850646018981934,0.6575569339195894,0.9166088700294495,-0.005023887838140562,0.031544268131256104,D:\BrainTumorDetection\dataset\processed\val\images\Tr-pi_0168.jpg
Tr-gl_1171.jpg,1,0,1.4953640625,0.973660715685954,0.9177462458610535,0.9684275812670401,0.9250003695487976,-0.005233134418913932,0.007254123687744141,D:\BrainTumorDetection\dataset\processed\val\images\Tr-gl_1171.jpg
Tr-pi_1095.jpg,1,3,0.8628840332000001,0.8164753706081181,0.8550244569778442,0.8111051853135675,0.866316020488739,-0.005370185294550689,0.011291563510894775,D:\BrainTumorDetection\dataset\processed\val\images\Tr-pi_1095.jpg
Tr-pi_0140.jpg,1,3,1.1402151123,0.9469724784936071,0.8344769477844238,0.9415529564325257,0.28100377321243286,-0.005419522061081428,-0.553473174571991,D:\BrainTumorDetection\dataset\processed\val\images\Tr-pi_0140.jpg
Tr-gl_0508.jpg,1,0,0.8010819336000001,0.9059853674731342,0.9160662293434143,0.9000507187266733,0.9335178136825562,-0.00593464874646088,0.017451584339141846,D:\BrainTumorDetection\dataset\processed\val\images\Tr-gl_0508.jpg
m2 (38).jpg,1,1,1.110834375,0.9540294886814725,0.8838009238243103,0.9474234824343041,0.9249841570854187,-0.00660600624716845,0.0411832332611084,D:\BrainTumorDetection\dataset\processed\val\images\m2 (38).jpg
gg (475).jpg,1,0,1.611325,0.9735371443997931,0.9201070070266724,0.9661169676421558,0.9336668252944946,-0.007420176757637287,0.013559818267822266,D:\BrainTumorDetection\dataset\processed\val\images\gg (475).jpg
m2 (60).jpg,1,1,1.7108947998000001,0.8961726012205539,0.9121019244194031,0.8886767674382533,0.934945821762085,-0.007495833782300565,0.022843897342681885,D:\BrainTumorDetection\dataset\processed\val\images\m2 (60).jpg
Tr-pi_0549.jpg,1,3,0.6317111328,0.93919086967088,0.8407432436943054,0.9312509911112344,0.8667646646499634,-0.007939878559645508,0.02602142095565796,D:\BrainTumorDetection\dataset\processed\val\images\Tr-pi_0549.jpg
Tr-pi_0623.jpg,1,3,1.7452250244,0.8421481112666431,0.8866933584213257,0.8339942271500103,0.851538360118866,-0.00815388411663287,-0.03515499830245972,D:\BrainTumorDetection\dataset\processed\val\images\Tr-pi_0623.jpg
Tr-me_1301.jpg,1,1,1.5861496581999999,0.9598109216630808,0.8785125613212585,0.9516432733233023,0.9056856632232666,-0.008167648339778455,0.027173101902008057,D:\BrainTumorDetection\dataset\processed\val\images\Tr-me_1301.jpg
Tr-pi_0525.jpg,1,3,0.7781953125000001,0.8145490440829848,0.8659271597862244,0.8060004931684644,0.8646277189254761,-0.008548550914520336,-0.001299440860748291,D:\BrainTumorDetection\dataset\processed\val\images\Tr-pi_0525.jpg
Tr-piTr_0001.jpg,1,3,0.6813081542999999,0.9546289026157623,0.8847485780715942,0.9459753499180396,0.8957386016845703,-0.008653552697722722,0.010990023612976074,D:\BrainTumorDetection\dataset\processed\val\images\Tr-piTr_0001.jpg
Tr-gl_1149.jpg,1,0,1.0166142334000001,0.8799609643808208,0.8243952393531799,0.8712444651969821,0.8640826940536499,-0.008716499183838766,0.03968745470046997,D:\BrainTumorDetection\dataset\processed\val\images\Tr-gl_1149.jpg
Tr-me_0427.jpg,1,1,1.1867515869,0.9924175510941718,0.9163389801979065,0.983592069270157,0.9155279397964478,-0.00882548182401488,-0.0008110404014587402,D:\BrainTumorDetection\dataset\processed\val\images\Tr-me_0427.jpg
Tr-pi_0327.jpg,2,3,0.6694739502000001,0.8722238119331648,0.4682166576385498,0.8630183000828434,0.6034817099571228,-0.009205511850321368,0.135265052318573,D:\BrainTumorDetection\dataset\processed\val\images\Tr-pi_0327.jpg
m (144).jpg,1,1,1.2969888672,0.9266990609344922,0.8758083581924438,0.9171476741505513,0.8216350674629211,-0.009551386783940852,-0.054173290729522705,D:\BrainTumorDetection\dataset\processed\val\images\m (144).jpg
p (812).jpg,1,3,0.5767763672,0.8674992250298719,0.8305589556694031,0.8579211858936348,0.8966983556747437,-0.009578039136237115,0.06613940000534058,D:\BrainTumorDetection\dataset\processed\val\images\p (812).jpg
Tr-gl_0402.jpg,1,0,1.0219576416,0.9520552879256063,0.8531365990638733,0.9420107536230617,0.9274189472198486,-0.010044534302544594,0.07428234815597534,D:\BrainTumorDetection\dataset\processed\val\images\Tr-gl_0402.jpg
gg (221).jpg,1,0,0.860596875,0.9104066113353805,0.807863175868988,0.898938146150347,0.8322122693061829,-0.011468465185033527,0.024349093437194824,D:\BrainTumorDetection\dataset\processed\val\images\gg (221).jpg
m (17).jpg,1,1,1.4152604004,0.896219998380309,0.8438888788223267,0.8847133990019809,0.8448910117149353,-0.011506599378328097,0.0010021328926086426,D:\BrainTumorDetection\dataset\processed\val\images\m (17).jpg
Tr-pi_0907.jpg,1,3,0.9124736328,0.9416095921595776,0.8558380603790283,0.9298370906571679,0.8749229311943054,-0.011772501502409716,0.0190848708152771,D:\BrainTumorDetection\dataset\processed\val\images\Tr-pi_0907.jpg
gg (305).jpg,1,3,0.6389583252000001,0.912818974844086,0.7189132571220398,0.9006172627956435,0.6944852471351624,-0.012201712048442559,-0.02442800998687744,D:\BrainTumorDetection\dataset\processed\val\images\gg (305).jpg
p (780).jpg,1,3,1.0376,0.39713533847725047,0.6281980276107788,0.38489241084895276,0.5989753007888794,-0.012242927628297706,-0.029222726821899414,D:\BrainTumorDetection\dataset\processed\val\images\p (780).jpg
gg (72).jpg,1,0,0.3707833008,0.8965571993713481,0.907886803150177,0.8832175596715396,0.7439323663711548,-0.013339639699808559,-0.16395443677902222,D:\BrainTumorDetection\dataset\processed\val\images\gg (72).jpg
gg (229).jpg,1,0,1.6101807373,0.9715087400919112,0.8985429406166077,0.9581526289240491,0.9042857885360718,-0.013356111167862172,0.005742847919464111,D:\BrainTumorDetection\dataset\processed\val\images\gg (229).jpg
Tr-pi_0049.jpg,1,3,0.6484944336,0.900406136296721,0.8967605829238892,0.8870352363169586,0.9065704345703125,-0.013370899979762374,0.00980985164642334,D:\BrainTumorDetection\dataset\processed\val\images\Tr-pi_0049.jpg
gg (317).jpg,1,3,0.8056687499999999,0.9083549417431248,0.863504946231842,0.894056642405929,0.860205352306366,-0.014298299337195841,-0.0032995939254760742,D:\BrainTumorDetection\dataset\processed\val\images\gg (317).jpg
Tr-pi_0369.jpg,1,3,1.9226097656000003,0.9542438900762804,0.9274229407310486,0.9398200412336597,0.3895796537399292,-0.014423848842620712,-0.5378432869911194,D:\BrainTumorDetection\dataset\processed\val\images\Tr-pi_0369.jpg
Tr-pi_0526.jpg,1,3,0.823978125,0.9041305830606576,0.8775147795677185,0.8895542616540677,0.8940365314483643,-0.014576321406589932,0.016521751880645752,D:\BrainTumorDetection\dataset\processed\val\images\Tr-pi_0526.jpg
Tr-pi_1282.jpg,1,3,1.9130687744000001,0.9351632581981009,0.9047390222549438,0.9203019411895262,0.7412781715393066,-0.014861317008574626,-0.1634608507156372,D:\BrainTumorDetection\dataset\processed\val\images\Tr-pi_1282.jpg
gg (480).jpg,1,0,1.0910086914,0.8019029169458712,0.8993194103240967,0.7868584592499274,0.9235211610794067,-0.01504445769594387,0.02420175075531006,D:\BrainTumorDetection\dataset\processed\val\images\gg (480).jpg
gg (409).jpg,3,3,0.4840822998,0.8355310104490238,0.8868082165718079,0.8201568713988902,0.8888092041015625,-0.015374139050133628,0.0020009875297546387,D:\BrainTumorDetection\dataset\processed\val\images\gg (409).jpg
Te-pi_0018.jpg,1,3,0.41503750000000006,0.9183813715126654,0.9088331460952759,0.9026130717528241,0.8810538649559021,-0.015768299759841287,-0.02777928113937378,D:\BrainTumorDetection\dataset\processed\val\images\Te-pi_0018.jpg
m (115).jpg,1,1,1.116946875,0.7690999012692067,0.7064872980117798,0.7532317910574035,0.8501346707344055,-0.015868110211803232,0.14364737272262573,D:\BrainTumorDetection\dataset\processed\val\images\m (115).jpg
Tr-pi_0538.jpg,1,3,0.8247409668,0.9272572591759431,0.9032549262046814,0.9109930483207027,0.8833168148994446,-0.016264210855240435,-0.019938111305236816,D:\BrainTumorDetection\dataset\processed\val\images\Tr-pi_0538.jpg
Tr-pi_1060.jpg,1,3,0.8331232422,0.9272614896507481,0.9028573036193848,0.9103815434440242,0.8834453821182251,-0.01687994620672384,-0.019411921501159668,D:\BrainTumorDetection\dataset\processed\val\images\Tr-pi_1060.jpg
Tr-pi_0148.jpg,2,3,1.3916,0.9483827115326977,0.860203742980957,0.9306802065998389,0.8943169713020325,-0.017702504932858854,0.03411322832107544,D:\BrainTumorDetection\dataset\processed\val\images\Tr-pi_0148.jpg
m (82).jpg,1,1,1.8024416748,0.9009052002586098,0.9275426864624023,0.8828553719096661,0.9384804964065552,-0.018049828348943642,0.010937809944152832,D:\BrainTumorDetection\dataset\processed\val\images\m (82).jpg
Tr-pi_0148.jpg,1,3,1.4419616211,0.9146061170912849,0.8617826700210571,0.8965225960533172,0.8870934247970581,-0.01808352103796773,0.025310754776000977,D:\BrainTumorDetection\dataset\processed\val\images\Tr-pi_0148.jpg
gg (409).jpg,1,0,0.6874083496,0.6259322755838884,0.6597914099693298,0.6076453642503761,0.6588927507400513,-0.018286911333512346,-0.0008986592292785645,D:\BrainTumorDetection\dataset\processed\val\images\gg (409).jpg
Tr-gl_0518.jpg,1,0,1.4350847167999998,0.9313517465787172,0.8849086761474609,0.9125305362495802,0.8908188939094543,-0.018821210329136973,0.005910217761993408,D:\BrainTumorDetection\dataset\processed\val\images\Tr-gl_0518.jpg
Tr-me_1096.jpg,1,1,0.70190625,0.8914197622758043,0.9076086282730103,0.8724476672890163,0.893631100654602,-0.01897209498678798,-0.013977527618408203,D:\BrainTumorDetection\dataset\processed\val\images\Tr-me_1096.jpg
gg (27).jpg,2,0,0.210571875,0.8637091630056848,0.7625058889389038,0.8446355434620537,0.7164068222045898,-0.01907361954363107,-0.046099066734313965,D:\BrainTumorDetection\dataset\processed\val\images\gg (27).jpg
m (169).jpg,1,1,1.7635343994000001,0.9341691226879801,0.8639691472053528,0.9144869942794284,0.8116111159324646,-0.01968212840855177,-0.052358031272888184,D:\BrainTumorDetection\dataset\processed\val\images\m (169).jpg
m2 (176).jpg,1,1,1.6601500000000002,0.9616090289339451,0.9202650785446167,0.9415068668017202,0.9099913835525513,-0.02010216213222482,-0.01027369499206543,D:\BrainTumorDetection\dataset\processed\val\images\m2 (176).jpg
gg (409).jpg,2,0,1.4350847167999998,0.8744641867732871,0.810802161693573,0.8543138105404735,0.40964391827583313,-0.02015037623281357,-0.40115824341773987,D:\BrainTumorDetection\dataset\processed\val\images\gg (409).jpg
Tr-me_1120.jpg,1,1,0.8037520752,0.9769013607591011,0.8980407118797302,0.9563452459106229,0.9008800983428955,-0.02055611484847819,0.002839386463165283,D:\BrainTumorDetection\dataset\processed\val\images\Tr-me_1120.jpg
m3 (150).jpg,1,1,0.9906791747999999,0.6615769048410051,0.8463984727859497,0.6406202830615819,0.6627497673034668,-0.020956621779423146,-0.1836487054824829,D:\BrainTumorDetection\dataset\processed\val\images\m3 (150).jpg
m (186).jpg,1,1,0.8529583008,0.8841834442969243,0.8432052731513977,0.8630027426733239,0.8659104704856873,-0.021180701623600418,0.02270519733428955,D:\BrainTumorDetection\dataset\processed\val\images\m (186).jpg
Tr-me_1159.jpg,1,1,1.0314839843999999,0.957226075417683,0.9039168953895569,0.9357089549321922,0.8908719420433044,-0.021517120485490815,-0.013044953346252441,D:\BrainTumorDetection\dataset\processed\val\images\Tr-me_1159.jpg
gg (287).jpg,1,0,1.7703906006,0.9632180485256386,0.8370192646980286,0.941625670224381,0.7615877985954285,-0.021592378301257598,-0.0754314661026001,D:\BrainTumorDetection\dataset\processed\val\images\gg (287).jpg
Tr-pi_0845.jpg,1,3,1.6265763672,0.9249938869523227,0.8740546107292175,0.902122540085237,0.5358176827430725,-0.022871346867085696,-0.338236927986145,D:\BrainTumorDetection\dataset\processed\val\images\Tr-pi_0845.jpg
Tr-pi_1097.jpg,1,3,0.6542161377,0.9029731017417948,0.8346558213233948,0.8795407954731991,0.8170955181121826,-0.023432306268595715,-0.017560303211212158,D:\BrainTumorDetection\dataset\processed\val\images\Tr-pi_1097.jpg
gg (434).jpg,1,0,0.8773805664,0.9708629299824564,0.8958817720413208,0.9469585506664335,0.9333077073097229,-0.02390437931602285,0.0374259352684021,D:\BrainTumorDetection\dataset\processed\val\images\gg (434).jpg
Tr-pi_0167.jpg,1,3,1.5373246582,0.9517401830814445,0.9064432382583618,0.9276770797249124,0.9217312335968018,-0.024063103356532056,0.015287995338439941,D:\BrainTumorDetection\dataset\processed\val\images\Tr-pi_0167.jpg
Tr-pi_0394.jpg,1,3,0.9735142578000001,0.9450401022230829,0.915764331817627,0.9209018523695149,0.9205788373947144,-0.02413824985356794,0.004814505577087402,D:\BrainTumorDetection\dataset\processed\val\images\Tr-pi_0394.jpg
Tr-pi_0902.jpg,1,3,0.5493125,0.9335195924540679,0.8316735029220581,0.9091150224394482,0.8927096724510193,-0.02440457001461971,0.06103616952896118,D:\BrainTumorDetection\dataset\processed\val\images\Tr-pi_0902.jpg
Tr-pi_0085.jpg,1,3,0.38680903320000004,0.9326622219978383,0.8695610761642456,0.9080590756509952,0.8847419023513794,-0.02460314634684313,0.015180826187133789,D:\BrainTumorDetection\dataset\processed\val\images\Tr-pi_0085.jpg
gg (135).jpg,3,0,0.28076249999999997,0.1760804774417502,0.8647867441177368,0.1509325397910754,0.8511267304420471,-0.0251479376506748,-0.013660013675689697,D:\BrainTumorDetection\dataset\processed\val\images\gg (135).jpg
Tr-pi_0737.jpg,1,3,0.3318822754,0.9040661692300458,0.8917310833930969,0.877819149395936,0.9220293164253235,-0.02624701983410982,0.030298233032226562,D:\BrainTumorDetection\dataset\processed\val\images\Tr-pi_0737.jpg
Tr-pi_1121.jpg,1,3,0.4234354004,0.8207055929654642,0.5972608327865601,0.7942940484222626,0.5588424205780029,-0.026411544543201604,-0.03841841220855713,D:\BrainTumorDetection\dataset\processed\val\images\Tr-pi_1121.jpg
Tr-gl_0238.jpg,1,0,1.9355739746000002,0.9407891149747033,0.8893508315086365,0.9139650634597122,0.9382839798927307,-0.02682405151499112,0.04893314838409424,D:\BrainTumorDetection\dataset\processed\val\images\Tr-gl_0238.jpg
Tr-pi_0089.jpg,1,3,0.8392361328000001,0.8766818977324317,0.8650346994400024,0.8489601098627225,0.8938910365104675,-0.027721787869709136,0.028856337070465088,D:\BrainTumorDetection\dataset\processed\val\images\Tr-pi_0089.jpg
p (737).jpg,1,3,0.9269775878999998,0.9438267614205654,0.890310525894165,0.9143540183292623,0.894557774066925,-0.0294727430913031,0.00424724817276001,D:\BrainTumorDetection\dataset\processed\val\images\p (737).jpg
m (45).jpg,1,3,0.6523182128999999,0.8688690203502273,0.6573803424835205,0.8391396776088795,0.6533673405647278,-0.029729342741347753,-0.004013001918792725,D:\BrainTumorDetection\dataset\processed\val\images\m (45).jpg
Tr-me_0379.jpg,1,1,1.7635343994000001,0.9164795388692888,0.8825225234031677,0.8865754079716434,0.5465373992919922,-0.02990413089764543,-0.33598512411117554,D:\BrainTumorDetection\dataset\processed\val\images\Tr-me_0379.jpg
Tr-pi_0540.jpg,1,3,1.8157923828000002,0.9758595632682805,0.934675395488739,0.9444213884555261,0.864893913269043,-0.03143817481275435,-0.06978148221969604,D:\BrainTumorDetection\dataset\processed\val\images\Tr-pi_0540.jpg
Te-pi_0021.jpg,1,3,0.9143807373000001,0.9113484036933356,0.9037591814994812,0.8789960068733335,0.9250827431678772,-0.03235239682000213,0.021323561668395996,D:\BrainTumorDetection\dataset\processed\val\images\Te-pi_0021.jpg
gg (135).jpg,2,0,0.9456656494,0.540042704827174,0.8647867441177368,0.5072803757411346,0.8511267304420471,-0.03276232908603938,-0.013660013675689697,D:\BrainTumorDetection\dataset\processed\val\images\gg (135).jpg
Tr-pi_0605.jpg,1,3,1.7089875,0.9220659504475531,0.8912661671638489,0.8888138186179414,0.919130802154541,-0.03325213182961173,0.02786463499069214,D:\BrainTumorDetection\dataset\processed\val\images\Tr-pi_0605.jpg
Tr-pi_0534.jpg,1,3,0.36048435060000006,0.8587071115106927,0.8815252780914307,0.8233457590877996,0.9130459427833557,-0.035361352422893066,0.03152066469192505,D:\BrainTumorDetection\dataset\processed\val\images\Tr-pi_0534.jpg
Tr-pi_1428.jpg,1,3,0.5790715331999999,0.9507336587427108,0.8866044282913208,0.913824030383221,0.8548003435134888,-0.03690962835948974,-0.03180408477783203,D:\BrainTumorDetection\dataset\processed\val\images\Tr-pi_1428.jpg
Tr-pi_1391.jpg,1,3,1.8844649413999999,0.9401695510622077,0.8958246111869812,0.9031098842363215,0.580326497554779,-0.03705966682588613,-0.31549811363220215,D:\BrainTumorDetection\dataset\processed\val\images\Tr-pi_1391.jpg
m (169).jpg,2,1,0.9277374999999999,0.8925173821490371,0.8571465611457825,0.853861548960062,0.769643247127533,-0.03865583318897514,-0.08750331401824951,D:\BrainTumorDetection\dataset\processed\val\images\m (169).jpg
m (19).jpg,1,1,1.3961895508,0.8580914033831031,0.8343404531478882,0.819292933464948,0.7659571766853333,-0.038798469918155054,-0.06838327646255493,D:\BrainTumorDetection\dataset\processed\val\images\m (19).jpg
Tr-pi_0470.jpg,1,3,1.4568270752,0.8903902628505385,0.7756651639938354,0.8510962442661666,0.8825647830963135,-0.03929401858437187,0.10689961910247803,D:\BrainTumorDetection\dataset\processed\val\images\Tr-pi_0470.jpg
Tr-pi_0235.jpg,1,3,0.6141645996,0.9199433165430506,0.8662779927253723,0.8789506927852994,0.8669958710670471,-0.040992623757751256,0.0007178783416748047,D:\BrainTumorDetection\dataset\processed\val\images\Tr-pi_0235.jpg
Tr-pi_1091.jpg,1,3,0.6484944336,0.8502270936697484,0.8615768551826477,0.8079215506502642,0.7816498279571533,-0.04230554301948419,-0.07992702722549438,D:\BrainTumorDetection\dataset\processed\val\images\Tr-pi_1091.jpg
Tr-pi_0558.jpg,1,3,0.5577041504000001,0.9347853964096441,0.8715736865997314,0.8913604265309887,0.917792797088623,-0.043424969878655406,0.0462191104888916,D:\BrainTumorDetection\dataset\processed\val\images\Tr-pi_0558.jpg
Tr-gl_1283.jpg,1,0,1.6372616211000002,0.9123447221262385,0.8739591836929321,0.8680528453189836,0.9041639566421509,-0.04429187680725488,0.03020477294921875,D:\BrainTumorDetection\dataset\processed\val\images\Tr-gl_1283.jpg
Tr-pi_0778.jpg,1,3,0.8972140625000001,0.8473425612963877,0.7981776595115662,0.8006796968099322,0.7986953854560852,-0.04666286448645551,0.000517725944519043,D:\BrainTumorDetection\dataset\processed\val\images\Tr-pi_0778.jpg
gg (307).jpg,1,0,1.5125307373,0.9481126387517713,0.8768698573112488,0.9007284813126971,0.9195816516876221,-0.047384157439074204,0.04271179437637329,D:\BrainTumorDetection\dataset\processed\val\images\gg (307).jpg
m (33).jpg,1,1,1.1932361328,0.9575850900871616,0.8673020601272583,0.9101879988361987,0.9032820463180542,-0.04739709125096292,0.0359799861907959,D:\BrainTumorDetection\dataset\processed\val\images\m (33).jpg
Tr-pi_0216.jpg,1,3,1.8158,0.9759338376104637,0.9011566042900085,0.9276546637689194,0.7750235199928284,-0.04827917384154434,-0.12613308429718018,D:\BrainTumorDetection\dataset\processed\val\images\Tr-pi_0216.jpg
Tr-pi_1112.jpg,1,3,1.7685051757999997,0.968219050578422,0.8664563894271851,0.9183385759872876,0.8736972808837891,-0.049880474591134316,0.007240891456604004,D:\BrainTumorDetection\dataset\processed\val\images\Tr-pi_1112.jpg
Tr-gl_1141.jpg,1,0,1.7875652832,0.9255440101242792,0.8974267840385437,0.8754113825187825,0.9203515648841858,-0.05013262760549675,0.02292478084564209,D:\BrainTumorDetection\dataset\processed\val\images\Tr-gl_1141.jpg
Tr-pi_0722.jpg,1,3,0.6591750000000001,0.6943484696080371,0.8213797211647034,0.6434404445880063,0.7839138507843018,-0.05090802502003078,-0.03746587038040161,D:\BrainTumorDetection\dataset\processed\val\images\Tr-pi_0722.jpg
gg (520).jpg,1,0,0.8037520752,0.8911938537876818,0.8310367465019226,0.837276263281106,0.8513248562812805,-0.05391759050657574,0.02028810977935791,D:\BrainTumorDetection\dataset\processed\val\images\gg (520).jpg
Tr-pi_0920.jpg,1,3,0.8811934082000001,0.920908118094821,0.8891378045082092,0.861030547816182,0.840579092502594,-0.059877570278638936,-0.048558712005615234,D:\BrainTumorDetection\dataset\processed\val\images\Tr-pi_0920.jpg
Tr-pi_0611.jpg,1,3,0.5859375,0.7361462105958102,0.8404349088668823,0.6746362539059495,0.8090327978134155,-0.0615099566898607,-0.0314021110534668,D:\BrainTumorDetection\dataset\processed\val\images\Tr-pi_0611.jpg
gg (372).jpg,1,0,0.8056687499999999,0.906398177741527,0.8892676830291748,0.8443662633670447,0.9144390225410461,-0.0620319143744823,0.025171339511871338,D:\BrainTumorDetection\dataset\processed\val\images\gg (372).jpg
Tr-pi_0557.jpg,1,3,0.518796875,0.8930948290823357,0.8568455576896667,0.8221102452033877,0.9248054623603821,-0.07098458387894802,0.06795990467071533,D:\BrainTumorDetection\dataset\processed\val\images\Tr-pi_0557.jpg
Tr-pi_0873.jpg,1,3,0.4562368164,0.8435724899635534,0.751702606678009,0.7593164562808687,0.7899629473686218,-0.08425603368268464,0.03826034069061279,D:\BrainTumorDetection\dataset\processed\val\images\Tr-pi_0873.jpg
Tr-gl_0378.jpg,1,0,1.4312703125,0.9265737446891155,0.8648738861083984,0.8421171960667673,0.899928629398346,-0.0844565486223482,0.03505474328994751,D:\BrainTumorDetection\dataset\processed\val\images\Tr-gl_0378.jpg
Tr-pi_0119.jpg,1,3,0.49782341309999995,0.8361423133524083,0.8785794377326965,0.7481933708277311,0.8735687136650085,-0.08794894252467722,-0.005010724067687988,D:\BrainTumorDetection\dataset\processed\val\images\Tr-pi_0119.jpg
Tr-pi_1331.jpg,1,3,0.5664838623,0.9024139992458278,0.7305701971054077,0.8134846783385897,0.7660974860191345,-0.08892932090723804,0.03552728891372681,D:\BrainTumorDetection\dataset\processed\val\images\Tr-pi_1331.jpg
p (767).jpg,1,3,0.6484944336,0.7795372764706998,0.7921344041824341,0.6895360242009706,0.8135818243026733,-0.09000125226972921,0.021447420120239258,D:\BrainTumorDetection\dataset\processed\val\images\p (767).jpg
Tr-pi_0532.jpg,1,3,0.2536734131,0.9070775057219083,0.6103593707084656,0.8134170946942301,0.6437663435935974,-0.09366041102767819,0.033406972885131836,D:\BrainTumorDetection\dataset\processed\val\images\Tr-pi_0532.jpg
Tr-pi_1212.jpg,1,3,1.3091951171999998,0.9246774446184496,0.8980222344398499,0.8280708098472019,0.9094791412353516,-0.09660663477124765,0.011456906795501709,D:\BrainTumorDetection\dataset\processed\val\images\Tr-pi_1212.jpg
Tr-me_0230.jpg,1,1,1.7276890140999999,0.8771662559016794,0.3030723035335541,0.7708623688986233,0.8740617036819458,-0.10630388700305615,0.5709894001483917,D:\BrainTumorDetection\dataset\processed\val\images\Tr-me_0230.jpg
gg (273).jpg,1,0,1.3275173828000002,0.9119016516178983,0.8204231262207031,0.8055168968129196,0.8026036024093628,-0.10638475480497867,-0.017819523811340332,D:\BrainTumorDetection\dataset\processed\val\images\gg (273).jpg
Tr-gl_0933.jpg,1,0,0.8087187499999999,0.93120494336707,0.8737620711326599,0.8162761179119995,0.8381497859954834,-0.11492882545507055,-0.035612285137176514,D:\BrainTumorDetection\dataset\processed\val\images\Tr-gl_0933.jpg
gg (239).jpg,1,0,1.3954145995999998,0.9338678487331463,0.8219349384307861,0.7885292327606203,0.8847928047180176,-0.14533861597252606,0.06285786628723145,D:\BrainTumorDetection\dataset\processed\val\images\gg (239).jpg
gg (359).jpg,1,0,1.354978125,0.663384859096625,0.5824575424194336,0.4651557085570867,0.5827379822731018,-0.19822915053953832,0.0002804398536682129,D:\BrainTumorDetection\dataset\processed\val\images\gg (359).jpg
p (775).jpg,1,3,1.2729673584,0.5901266005540988,0.45225876569747925,0.3729081857761454,0.45153337717056274,-0.21721841477795345,-0.0007253885269165039,D:\BrainTumorDetection\dataset\processed\val\images\p (775).jpg
gg (324).jpg,1,0,1.6449015625,0.9296334906812157,0.6699366569519043,0.5737530061979821,0.7035170793533325,-0.3558804844832336,0.03358042240142822,D:\BrainTumorDetection\dataset\processed\val\images\gg (324).jpg
gg (482).jpg,1,0,1.6365003418,0.3914483276432572,0.3798696994781494,0.0,0.0,-0.3914483276432572,-0.3798696994781494,D:\BrainTumorDetection\dataset\processed\val\images\gg (482).jpg
gg (385).jpg,1,0,0.9475756835999999,0.7857370611089226,0.47487425804138184,0.3565111064534362,0.5962650775909424,-0.4292259546554864,0.12139081954956055,D:\BrainTumorDetection\dataset\processed\val\images\gg (385).jpg
Tr-pi_0812.jpg,2,3,0.6454430664,0.7977742989653624,0.49172765016555786,0.1988139128446254,0.7720624208450317,-0.5989603861207371,0.2803347706794739,D:\BrainTumorDetection\dataset\processed\val\images\Tr-pi_0812.jpg
gg (568).jpg,1,0,1.9630427246,0.6394967173722537,0.5033325552940369,0.0,0.0,-0.6394967173722537,-0.5033325552940369,D:\BrainTumorDetection\dataset\processed\val\images\gg (568).jpg
Tr-me_1116.jpg,2,3,0.19226249999999998,0.706628660994916,0.42549869418144226,0.0,0.0,-0.706628660994916,-0.42549869418144226,D:\BrainTumorDetection\dataset\processed\val\images\Tr-me_1116.jpg
m (15).jpg,1,1,0.3528604248,0.7399127951486083,0.5852338075637817,0.011090679308958826,0.5195497870445251,-0.7288221158396495,-0.06568402051925659,D:\BrainTumorDetection\dataset\processed\val\images\m (15).jpg
Tr-pi_1119.jpg,1,3,1.4190763672,0.9785531979027475,0.9311348795890808,0.0,0.0,-0.9785531979027475,-0.9311348795890808,D:\BrainTumorDetection\dataset\processed\val\images\Tr-pi_1119.jpg
