Tumor Class,Target Confidence,Actual Confidence,IoU,Raw Image Filename,Raw Image Full Path,Label Filename,Label Full Path,Generated Detection Image
Glioma,85%,85.11%,0.5073,gg (135).jpg,D:\BrainTumorDetection\dataset\processed\val\images\gg (135).jpg,gg (135).txt,D:\BrainTumorDetection\dataset\processed\val\labels\gg (135).txt,D:\BrainTumorDetection\comparison\confidence_examples\Glioma\Glioma_target85_actual85.11_gg (135).jpg
Glioma,90%,89.99%,0.8421,Tr-gl_0378.jpg,D:\BrainTumorDetection\dataset\processed\val\images\Tr-gl_0378.jpg,Tr-gl_0378.txt,D:\BrainTumorDetection\dataset\processed\val\labels\Tr-gl_0378.txt,D:\BrainTumorDetection\comparison\confidence_examples\Glioma\Glioma_target90_actual89.99_Tr-gl_0378.jpg
Glioma,95%,95.08%,0.9521,Tr-gl_0372.jpg,D:\BrainTumorDetection\dataset\processed\val\images\Tr-gl_0372.jpg,Tr-gl_0372.txt,D:\BrainTumorDetection\dataset\processed\val\labels\Tr-gl_0372.txt,D:\BrainTumorDetection\comparison\confidence_examples\Glioma\Glioma_target95_actual95.08_Tr-gl_0372.jpg
Meningioma,85%,85.01%,0.7532,m (115).jpg,D:\BrainTumorDetection\dataset\processed\val\images\m (115).jpg,m (115).txt,D:\BrainTumorDetection\dataset\processed\val\labels\m (115).txt,D:\BrainTumorDetection\comparison\confidence_examples\Meningioma\Meningioma_target85_actual85.01_m (115).jpg
Meningioma,90%,90.05%,0.8436,m1(31).jpg,D:\BrainTumorDetection\dataset\processed\val\images\m1(31).jpg,m1(31).txt,D:\BrainTumorDetection\dataset\processed\val\labels\m1(31).txt,D:\BrainTumorDetection\comparison\confidence_examples\Meningioma\Meningioma_target90_actual90.05_m1(31).jpg
Meningioma,95%,95.00%,0.9124,m2 (92).jpg,D:\BrainTumorDetection\dataset\processed\val\images\m2 (92).jpg,m2 (92).txt,D:\BrainTumorDetection\dataset\processed\val\labels\m2 (92).txt,D:\BrainTumorDetection\comparison\confidence_examples\Meningioma\Meningioma_target95_actual95.00_m2 (92).jpg
Pituitary,85%,85.15%,0.8340,Tr-pi_0623.jpg,D:\BrainTumorDetection\dataset\processed\val\images\Tr-pi_0623.jpg,Tr-pi_0623.txt,D:\BrainTumorDetection\dataset\processed\val\labels\Tr-pi_0623.txt,D:\BrainTumorDetection\comparison\confidence_examples\Pituitary\Pituitary_target85_actual85.15_Tr-pi_0623.jpg
Pituitary,90%,89.95%,0.9494,Tr-pi_1318.jpg,D:\BrainTumorDetection\dataset\processed\val\images\Tr-pi_1318.jpg,Tr-pi_1318.txt,D:\BrainTumorDetection\dataset\processed\val\labels\Tr-pi_1318.txt,D:\BrainTumorDetection\comparison\confidence_examples\Pituitary\Pituitary_target90_actual89.95_Tr-pi_1318.jpg
Pituitary,95%,95.04%,0.8570,Tr-pi_0189.jpg,D:\BrainTumorDetection\dataset\processed\val\images\Tr-pi_0189.jpg,Tr-pi_0189.txt,D:\BrainTumorDetection\dataset\processed\val\labels\Tr-pi_0189.txt,D:\BrainTumorDetection\comparison\confidence_examples\Pituitary\Pituitary_target95_actual95.04_Tr-pi_0189.jpg
