image_name,ground_truth_index,class_id,relative_area_percent,yolov8_iou,yolov8_confidence,yolo12_iou,yolo12_confidence,yolo26_iou,yolo26_confidence,yolo26_advantage_over_best_other,yolo26_only_hit,yolo26_beats_both,image_path
m (82).jpg,2,3,0.6614635254000001,0.0,0.0,0.0,0.0,0.8750246200835043,0.27520647644996643,0.8750246200835043,1,1,D:\BrainTumorDetection\dataset\processed\val\images\m (82).jpg
gg (136).jpg,4,0,0.07972497560000001,0.0,0.0,0.0,0.0,0.683738592804752,0.5781169533729553,0.683738592804752,1,1,D:\BrainTumorDetection\dataset\processed\val\images\gg (136).jpg
Tr-pi_0212.jpg,2,3,1.0879569336,0.542541684111422,0.8730618357658386,0.5358249742518256,0.8918939828872681,0.920115856096424,0.7730362415313721,0.377574171985002,0,1,D:\BrainTumorDetection\dataset\processed\val\images\Tr-pi_0212.jpg
gg (536).jpg,1,0,1.1775967041,0.0,0.0,0.0,0.0,0.35861584159532506,0.5972001552581787,0.35861584159532506,0,1,D:\BrainTumorDetection\dataset\processed\val\images\gg (536).jpg
Tr-pi_0524.jpg,1,3,1.0917729003999999,0.8376221124801883,0.8019752502441406,0.8453160720979511,0.7885255813598633,0.9328614667341364,0.897750735282898,0.08754539463618527,0,1,D:\BrainTumorDetection\dataset\processed\val\images\Tr-pi_0524.jpg
gg (324).jpg,2,3,0.5126937500000001,0.8502193217348757,0.8480557799339294,0.8500953058444336,0.7494384050369263,0.9287900995799069,0.8716673851013184,0.07857077784503119,0,1,D:\BrainTumorDetection\dataset\processed\val\images\gg (324).jpg
Tr-pi_0183.jpg,1,3,0.43945,0.6991867954874231,0.8273352980613708,0.7117495741273521,0.736453652381897,0.7844696549244855,0.831871509552002,0.07272008079713344,0,1,D:\BrainTumorDetection\dataset\processed\val\images\Tr-pi_0183.jpg
Tr-pi_1063.jpg,1,3,0.6233208495999999,0.8974277900914579,0.8679612874984741,0.8626855607305105,0.8663753271102905,0.9583984575013508,0.8958806395530701,0.060970667409892876,0,1,D:\BrainTumorDetection\dataset\processed\val\images\Tr-pi_1063.jpg
gg (271).jpg,1,0,1.6860881836000003,0.7208391533224349,0.8615435361862183,0.7552176700610886,0.8697633147239685,0.8126051379690982,0.9202058911323547,0.057387467908009526,0,1,D:\BrainTumorDetection\dataset\processed\val\images\gg (271).jpg
p (723).jpg,1,3,1.8455416504,0.8045687357198831,0.7436788082122803,0.8184134372652555,0.8552666306495667,0.8755860094386124,0.8819150328636169,0.05717257217335692,0,1,D:\BrainTumorDetection\dataset\processed\val\images\p (723).jpg
gg (140).jpg,2,3,0.6256093749999999,0.8911325012191882,0.6377100348472595,0.8827818325578123,0.7612096667289734,0.9421505310030353,0.7561091184616089,0.05101802978384706,0,1,D:\BrainTumorDetection\dataset\processed\val\images\gg (140).jpg
gg (21).jpg,1,0,1.074225,0.8400498973184033,0.8795549869537354,0.851076032507428,0.7287856340408325,0.8994288926582319,0.8697746992111206,0.04835286015080387,0,1,D:\BrainTumorDetection\dataset\processed\val\images\gg (21).jpg
Tr-pi_0321.jpg,1,3,0.7621822753999999,0.8224102151899654,0.8822018504142761,0.8677175921870158,0.7971013188362122,0.9143667627296782,0.8940998911857605,0.04664917054266238,0,1,D:\BrainTumorDetection\dataset\processed\val\images\Tr-pi_0321.jpg
Tr-pi_0833.jpg,1,3,0.933834375,0.7059111614088598,0.828860342502594,0.7771494152412288,0.7341774106025696,0.8221623794237957,0.8591378331184387,0.04501296418256684,0,1,D:\BrainTumorDetection\dataset\processed\val\images\Tr-pi_0833.jpg
Tr-gl_0495.jpg,1,0,0.915525,0.8764638900322461,0.8910150527954102,0.8843415133871065,0.855665385723114,0.9256577024794443,0.9304316639900208,0.04131618909233781,0,1,D:\BrainTumorDetection\dataset\processed\val\images\Tr-gl_0495.jpg
gg (135).jpg,1,0,1.8024416748,0.9271234496758937,0.888861358165741,0.9222576385082424,0.8842161297798157,0.9681079834151594,0.893174946308136,0.040984533739265694,0,1,D:\BrainTumorDetection\dataset\processed\val\images\gg (135).jpg
Tr-pi_0935.jpg,1,3,0.6099701416,0.7962407124993702,0.8102384209632874,0.8079033740510537,0.8522099852561951,0.8468875135568847,0.7715498208999634,0.03898413950583102,0,1,D:\BrainTumorDetection\dataset\processed\val\images\Tr-pi_0935.jpg
gg (131).jpg,1,0,0.7587416748000001,0.800842266617417,0.8381488919258118,0.8120585554610118,0.5371181964874268,0.8495568138559313,0.8820233345031738,0.03749825839491949,0,1,D:\BrainTumorDetection\dataset\processed\val\images\gg (131).jpg
gg (95).jpg,1,0,1.5525809082,0.9134594934125384,0.8434999585151672,0.9157979576287585,0.8385424017906189,0.9523748462876529,0.9210150837898254,0.03657688865889441,0,1,D:\BrainTumorDetection\dataset\processed\val\images\gg (95).jpg
Tr-pi_0999.jpg,1,3,0.6042472656,0.8612868320125516,0.8499806523323059,0.888188382887298,0.8237010836601257,0.9246005933025866,0.9041228294372559,0.03641221041528864,0,1,D:\BrainTumorDetection\dataset\processed\val\images\Tr-pi_0999.jpg
gg (295).jpg,1,0,1.8253361084000002,0.8600491177649355,0.5656715631484985,0.7479682968840503,0.7327690720558167,0.8944227997457335,0.6042745113372803,0.03437368198079793,0,1,D:\BrainTumorDetection\dataset\processed\val\images\gg (295).jpg
m3 (221).jpg,1,1,0.49095139159999995,0.8261420332112505,0.7687742710113525,0.7933168571050943,0.5333390831947327,0.8590851841586659,0.7089660167694092,0.0329431509474154,0,1,D:\BrainTumorDetection\dataset\processed\val\images\m3 (221).jpg
Tr-me_0118.jpg,1,1,0.964539375,0.6122377245359296,0.8514751195907593,0.5904652347867271,0.8157668709754944,0.6450093133923361,0.7775833606719971,0.03277158885640652,0,1,D:\BrainTumorDetection\dataset\processed\val\images\Tr-me_0118.jpg
Te-pi_0058.jpg,1,3,1.9935583496000002,0.9121646513331644,0.896765947341919,0.914801488651562,0.8886353969573975,0.945819403476474,0.9182857275009155,0.031017914824912007,0,1,D:\BrainTumorDetection\dataset\processed\val\images\Te-pi_0058.jpg
p (736).jpg,1,3,1.21765,0.8750395097435884,0.9034224152565002,0.8706853500224645,0.8966183662414551,0.9047450428757791,0.9096931219100952,0.02970553313219071,0,1,D:\BrainTumorDetection\dataset\processed\val\images\p (736).jpg
m (35).jpg,1,1,0.7141027343999999,0.8525509510578436,0.8368433117866516,0.8655487757159979,0.8592596054077148,0.8944845285909129,0.8447046279907227,0.02893575287491501,0,1,D:\BrainTumorDetection\dataset\processed\val\images\m (35).jpg
m (75).jpg,1,1,1.3847340332,0.8549401880158928,0.8922377824783325,0.8744238466797318,0.8627132773399353,0.9014091524380841,0.8941366076469421,0.02698530575835223,0,1,D:\BrainTumorDetection\dataset\processed\val\images\m (75).jpg
Te-pi_0041.jpg,1,3,1.7089875,0.856479986914347,0.9167916774749756,0.8754805466391873,0.8975223302841187,0.901682702193178,0.40381914377212524,0.026202155553990747,0,1,D:\BrainTumorDetection\dataset\processed\val\images\Te-pi_0041.jpg
m (34).jpg,1,1,0.6788580921,0.8826861355988023,0.8609791994094849,0.8846070905302007,0.8311429023742676,0.9102184097607345,0.9171229600906372,0.025611319230533836,0,1,D:\BrainTumorDetection\dataset\processed\val\images\m (34).jpg
gg (277).jpg,1,3,0.7781986328000001,0.8218405432157874,0.8053726553916931,0.8775089479361389,0.7864480018615723,0.9021166546039561,0.8034560084342957,0.024607706667817197,0,1,D:\BrainTumorDetection\dataset\processed\val\images\gg (277).jpg
Tr-me_1250.jpg,1,1,1.64795625,0.7960779296850163,0.8531160950660706,0.7817615462325914,0.8892185091972351,0.817282673079896,0.8804656863212585,0.021204743394879655,0,1,D:\BrainTumorDetection\dataset\processed\val\images\Tr-me_1250.jpg
Tr-pi_0067.jpg,1,3,0.6103515625,0.9316088243503734,0.9152177572250366,0.9229719100472331,0.896909773349762,0.9527729765667042,0.8912916779518127,0.021164152216330834,0,1,D:\BrainTumorDetection\dataset\processed\val\images\Tr-pi_0067.jpg
Tr-pi_1318.jpg,1,3,0.7850612793,0.8718432163550598,0.8722279667854309,0.929511177032454,0.8003257513046265,0.9494402865608847,0.8994590640068054,0.019929109528430744,0,1,D:\BrainTumorDetection\dataset\processed\val\images\Tr-pi_1318.jpg
m (15).jpg,2,3,0.4119890625,0.7959498372007207,0.3283832371234894,0.8449736657417317,0.2674468457698822,0.8648659160974413,0.43563589453697205,0.01989225035570963,0,1,D:\BrainTumorDetection\dataset\processed\val\images\m (15).jpg
m (100).jpg,1,1,1.3729093994,0.9329186547646274,0.8885235786437988,0.9284823735428684,0.8982494473457336,0.9526240640047533,0.9247214794158936,0.01970540924012587,0,1,D:\BrainTumorDetection\dataset\processed\val\images\m (100).jpg
Tr-pi_0437.jpg,1,3,1.7204277832000001,0.9042406180153698,0.8906941413879395,0.9114125922455594,0.8600108623504639,0.930458093492098,0.6531392335891724,0.019045501246538588,0,1,D:\BrainTumorDetection\dataset\processed\val\images\Tr-pi_0437.jpg
Tr-pi_1372.jpg,1,3,0.8693687744,0.8691817965735152,0.8756084442138672,0.8726974118601407,0.8593677878379822,0.8914745237519885,0.9198243021965027,0.01877711189184783,0,1,D:\BrainTumorDetection\dataset\processed\val\images\Tr-pi_1372.jpg
Tr-pi_0984.jpg,1,3,1.4419631836,0.7764139200292182,0.8914267420768738,0.7646234220762539,0.8631347417831421,0.7950276724387257,0.8863279223442078,0.018613752409507578,0,1,D:\BrainTumorDetection\dataset\processed\val\images\Tr-pi_0984.jpg
p (780).jpg,2,3,1.0814723877,0.4355925814341018,0.4295676052570343,0.4159769103084347,0.41058388352394104,0.45229155000440163,0.5989753007888794,0.016698968570299844,0,1,D:\BrainTumorDetection\dataset\processed\val\images\p (780).jpg
Tr-gl_0343.jpg,2,3,0.26855625,0.7579643397528689,0.6021577715873718,0.8078032290089255,0.5288454294204712,0.8245000935133764,0.44262635707855225,0.016696864504450848,0,1,D:\BrainTumorDetection\dataset\processed\val\images\Tr-gl_0343.jpg
Tr-pi_0884.jpg,1,3,0.9613048828000001,0.9326450904220802,0.9138637781143188,0.9320893065632266,0.9001961350440979,0.9487185771158712,0.9444808959960938,0.01607348669379094,0,1,D:\BrainTumorDetection\dataset\processed\val\images\Tr-pi_0884.jpg
m (80).jpg,1,1,0.4783637206999999,0.825655342731036,0.8161450624465942,0.7958917771369671,0.7645456790924072,0.8411484144589195,0.8772240877151489,0.0154930717278835,0,1,D:\BrainTumorDetection\dataset\processed\val\images\m (80).jpg
Te-pi_0036.jpg,1,3,0.5786916747999999,0.8539524837078031,0.887120246887207,0.8384062722329555,0.8732342720031738,0.8692318938914237,0.827774167060852,0.015279410183620667,0,1,D:\BrainTumorDetection\dataset\processed\val\images\Te-pi_0036.jpg
Tr-gl_1171.jpg,2,3,1.0894734375,0.8853773557985334,0.7967516779899597,0.9101830640484085,0.6206689476966858,0.9229492782663921,0.8360930681228638,0.012766214217983518,0,1,D:\BrainTumorDetection\dataset\processed\val\images\Tr-gl_1171.jpg
gg (22).jpg,1,0,0.8392361328000001,0.9293693215870764,0.9003136157989502,0.9352363616511064,0.8643093705177307,0.9478772631633873,0.9470751285552979,0.012640901512280922,0,1,D:\BrainTumorDetection\dataset\processed\val\images\gg (22).jpg
gg (264).jpg,1,0,0.8331232422,0.8755845057852459,0.8258358240127563,0.8955755001104027,0.8369616270065308,0.9079087115195499,0.8528883457183838,0.012333211409147227,0,1,D:\BrainTumorDetection\dataset\processed\val\images\gg (264).jpg
Tr-pi_0546.jpg,1,3,1.0299680664,0.5992586667031137,0.8594508171081543,0.5946329413691059,0.8616119027137756,0.610702117875526,0.9167383909225464,0.0114434511724123,0,1,D:\BrainTumorDetection\dataset\processed\val\images\Tr-pi_0546.jpg
gg (558).jpg,1,0,1.21765,0.9287509196482624,0.9357463121414185,0.897397616855722,0.8726327419281006,0.9387766357499481,0.9476932287216187,0.010025716101685678,0,1,D:\BrainTumorDetection\dataset\processed\val\images\gg (558).jpg
Tr-gl_0488.jpg,1,0,1.1726395996,0.8803262544555411,0.9185007810592651,0.869675665870326,0.7633464336395264,0.8899474759937734,0.8977755904197693,0.009621221538232305,0,1,D:\BrainTumorDetection\dataset\processed\val\images\Tr-gl_0488.jpg
Tr-me_1226.jpg,1,1,1.3847340332,0.9411151632268423,0.9122428894042969,0.89813393469948,0.884027898311615,0.9505430212027679,0.9185331463813782,0.009427857975925602,0,1,D:\BrainTumorDetection\dataset\processed\val\images\Tr-me_1226.jpg
Tr-pi_0194.jpg,1,3,0.5767763672,0.9082523723978314,0.8929620385169983,0.8956974513320499,0.8509103655815125,0.9175710733474041,0.9147063493728638,0.009318700949572656,0,1,D:\BrainTumorDetection\dataset\processed\val\images\Tr-pi_0194.jpg
Tr-pi_1379.jpg,1,3,0.2323187256,0.8696602462028844,0.8670807480812073,0.8629764060051094,0.8691101670265198,0.8789399090587797,0.9127944111824036,0.009279662855895321,0,1,D:\BrainTumorDetection\dataset\processed\val\images\Tr-pi_1379.jpg
Tr-pi_0137.jpg,1,3,0.7049546875,0.8340783459418823,0.8709073066711426,0.854106038038871,0.8382446765899658,0.862127096417142,0.6721087694168091,0.008021058378271051,0,1,D:\BrainTumorDetection\dataset\processed\val\images\Tr-pi_0137.jpg
m3 (1).jpg,1,1,0.5126937500000001,0.8379320403786958,0.8189706206321716,0.8557145402089212,0.7924196720123291,0.8636766685106615,0.8224846124649048,0.007962128301740257,0,1,D:\BrainTumorDetection\dataset\processed\val\images\m3 (1).jpg
m1(2).jpg,1,1,1.9067925730000002,0.9065777874885271,0.8862753510475159,0.8625453036991997,0.8999348878860474,0.9144074114339437,0.9014736413955688,0.00782962394541653,0,1,D:\BrainTumorDetection\dataset\processed\val\images\m1(2).jpg
Tr-pi_0124.jpg,1,3,1.0734494629,0.9291901404073472,0.9080555438995361,0.90676407248459,0.8752875328063965,0.9367345091189027,0.7177852392196655,0.007544368711555505,0,1,D:\BrainTumorDetection\dataset\processed\val\images\Tr-pi_0124.jpg
m (103).jpg,1,1,1.82495625,0.9343698162020915,0.7272464632987976,0.91397932459105,0.8417236804962158,0.9418031414545971,0.8101980686187744,0.007433325252505618,0,1,D:\BrainTumorDetection\dataset\processed\val\images\m (103).jpg
Tr-gl_0343.jpg,1,0,0.9063794921999999,0.887371462754794,0.911447286605835,0.8971735140275526,0.9025903344154358,0.9040765032492297,0.9430839419364929,0.006902989221677092,0,1,D:\BrainTumorDetection\dataset\processed\val\images\Tr-gl_0343.jpg
m2 (153).jpg,1,1,1.2332999756,0.9537573584100916,0.922386109828949,0.9517276545400322,0.9100073575973511,0.9599494647280077,0.9144148826599121,0.006192106317916113,0,1,D:\BrainTumorDetection\dataset\processed\val\images\m2 (153).jpg
Tr-pi_0339.jpg,1,3,1.2771663085999998,0.9491192905663778,0.8959394097328186,0.9115145533686893,0.8839969038963318,0.9550381665527905,0.9394769072532654,0.005918875986412719,0,1,D:\BrainTumorDetection\dataset\processed\val\images\Tr-pi_0339.jpg
m2 (109).jpg,1,1,1.4892625,0.9031322873839409,0.8825225234031677,0.9189872532580855,0.8657224178314209,0.9243675062663254,0.5465373992919922,0.005380253008239855,0,1,D:\BrainTumorDetection\dataset\processed\val\images\m2 (109).jpg
Tr-pi_0234.jpg,1,3,1.342775,0.9608957614258616,0.9112339019775391,0.9610478027182565,0.8686608076095581,0.9659249777202532,0.8849500417709351,0.004877175001996692,0,1,D:\BrainTumorDetection\dataset\processed\val\images\Tr-pi_0234.jpg
Tr-pi_0572.jpg,1,3,1.3160708496,0.6786432919136389,0.8618820905685425,0.6760309568653335,0.846202552318573,0.6833109212614935,0.8728863596916199,0.004667629347854585,0,1,D:\BrainTumorDetection\dataset\processed\val\images\Tr-pi_0572.jpg
gg (78).jpg,1,0,1.4892625,0.9485982345947473,0.9167101979255676,0.9503800855037247,0.9079341888427734,0.9547944512001424,0.9398479461669922,0.0044143656964177325,0,1,D:\BrainTumorDetection\dataset\processed\val\images\gg (78).jpg
gg (489).jpg,1,0,1.4629302002000002,0.954920290986582,0.93058842420578,0.9391243189720694,0.9190802574157715,0.9589915983332619,0.9151674509048462,0.00407130734667982,0,1,D:\BrainTumorDetection\dataset\processed\val\images\gg (489).jpg
p (691).jpg,1,3,1.3053822754000002,0.8724958405035373,0.8599825501441956,0.9380254241408407,0.8769667744636536,0.9413570442791946,0.9177907109260559,0.0033316201383539745,0,1,D:\BrainTumorDetection\dataset\processed\val\images\p (691).jpg
Tr-pi_0354.jpg,1,3,1.0711642577999998,0.93234029587356,0.8920496106147766,0.9481587867006552,0.8708963990211487,0.9512351372330158,0.8654661178588867,0.00307635053236055,0,1,D:\BrainTumorDetection\dataset\processed\val\images\Tr-pi_0354.jpg
m (167).jpg,1,1,1.6742729248000001,0.9587526391005822,0.896617591381073,0.9276258501494786,0.9094468951225281,0.9612217923507879,0.8921595811843872,0.002469153250205691,0,1,D:\BrainTumorDetection\dataset\processed\val\images\m (167).jpg
gg (132).jpg,1,0,1.7852888672000002,0.9206586683393588,0.8703017830848694,0.9443490147308141,0.8597407937049866,0.9467069924047096,0.2675377428531647,0.0023579776738954505,0,1,D:\BrainTumorDetection\dataset\processed\val\images\gg (132).jpg
gg (506).jpg,1,0,1.3733027344,0.924900544601389,0.8386931419372559,0.9175545197108672,0.8575729727745056,0.9270856189259898,0.9028099179267883,0.0021850743246007998,0,1,D:\BrainTumorDetection\dataset\processed\val\images\gg (506).jpg
Tr-pi_0648.jpg,1,3,0.8544921875,0.7605727743815343,0.8435271978378296,0.7546071343572925,0.7944096326828003,0.7624926166485514,0.8727197051048279,0.0019198422670171356,0,1,D:\BrainTumorDetection\dataset\processed\val\images\Tr-pi_0648.jpg
gg (81).jpg,1,3,0.1815805664,0.43918875985596667,0.5976594686508179,0.3971582074614808,0.7272152304649353,0.4408929154604646,0.2796453535556793,0.0017041556044979367,0,1,D:\BrainTumorDetection\dataset\processed\val\images\gg (81).jpg
gg (498).jpg,1,0,0.8056687499999999,0.9449306890710926,0.8816908597946167,0.8686750359922939,0.8180911540985107,0.9462534841075004,0.8155244588851929,0.0013227950364078644,0,1,D:\BrainTumorDetection\dataset\processed\val\images\gg (498).jpg
Tr-pi_0482.jpg,1,3,1.3031046875,0.8826139233089817,0.8990408778190613,0.8801376865572483,0.8595018982887268,0.8836181330297959,0.9443222284317017,0.0010042097208141643,0,1,D:\BrainTumorDetection\dataset\processed\val\images\Tr-pi_0482.jpg
gg (136).jpg,3,0,0.3433256836,0.912426084706753,0.8584360480308533,0.9397607186886848,0.628015398979187,0.940621430582004,0.6375607252120972,0.0008607118933191549,0,1,D:\BrainTumorDetection\dataset\processed\val\images\gg (136).jpg
Tr-me_0463.jpg,1,1,0.6916072997999999,0.8654749534790974,0.8271621465682983,0.8773789975433524,0.8413360714912415,0.8779441169831504,0.8486583828926086,0.0005651194397980897,0,1,D:\BrainTumorDetection\dataset\processed\val\images\Tr-me_0463.jpg
Tr-gl_1165.jpg,1,0,1.8913182129,0.9625462145097493,0.9280776381492615,0.9729191434411883,0.911738395690918,0.9732470899614756,0.9403370022773743,0.0003279465202872256,0,1,D:\BrainTumorDetection\dataset\processed\val\images\Tr-gl_1165.jpg
Tr-piTr_0005.jpg,1,3,0.5836489746000001,0.9063592821888582,0.8804671764373779,0.9475810799447631,0.8761893510818481,0.9476310481416395,0.920894980430603,4.996819687630438e-05,0,1,D:\BrainTumorDetection\dataset\processed\val\images\Tr-piTr_0005.jpg
gg (254).jpg,1,0,0.6351531006,0.0,0.0,0.0,0.0,0.0,0.0,0.0,0,0,D:\BrainTumorDetection\dataset\processed\val\images\gg (254).jpg
gg (254).jpg,2,0,0.5508459960999998,0.0,0.0,0.0,0.0,0.0,0.0,0.0,0,0,D:\BrainTumorDetection\dataset\processed\val\images\gg (254).jpg
gg (27).jpg,3,3,0.6546069336,0.0,0.0,0.0,0.0,0.0,0.0,0.0,0,0,D:\BrainTumorDetection\dataset\processed\val\images\gg (27).jpg
gg (558).jpg,2,3,0.6843597168,0.0,0.0,0.0,0.0,0.0,0.0,0.0,0,0,D:\BrainTumorDetection\dataset\processed\val\images\gg (558).jpg
gg (95).jpg,2,0,0.1953125,0.0,0.0,0.0,0.0,0.0,0.0,0.0,0,0,D:\BrainTumorDetection\dataset\processed\val\images\gg (95).jpg
Tr-gl_0474.jpg,1,3,0.2136222656,0.0,0.0,0.0,0.0,0.0,0.0,0.0,0,0,D:\BrainTumorDetection\dataset\processed\val\images\Tr-gl_0474.jpg
Tr-gl_1149.jpg,2,0,0.0411993164,0.0,0.0,0.0,0.0,0.0,0.0,0.0,0,0,D:\BrainTumorDetection\dataset\processed\val\images\Tr-gl_1149.jpg
Tr-meTr_0004.jpg,1,3,0.3524805664,0.0,0.0,0.0,0.0,0.0,0.0,0.0,0,0,D:\BrainTumorDetection\dataset\processed\val\images\Tr-meTr_0004.jpg
Tr-pi_0528.jpg,1,3,1.062009375,0.9035983456756376,0.8254756927490234,0.9217013268957278,0.846419095993042,0.9216126412033565,0.9124952554702759,-8.868569237130419e-05,0,0,D:\BrainTumorDetection\dataset\processed\val\images\Tr-pi_0528.jpg
gg (31).jpg,1,0,1.64795625,0.9562130556406985,0.909985363483429,0.9377469811955731,0.8877105116844177,0.9558181510387188,0.9036712050437927,-0.00039490460197966204,0,0,D:\BrainTumorDetection\dataset\processed\val\images\gg (31).jpg
Tr-pi_1442.jpg,1,3,1.770015625,0.9572307976048621,0.9323188662528992,0.9619395522948586,0.9201112985610962,0.961103211400759,0.7669423818588257,-0.0008363408940995631,0,0,D:\BrainTumorDetection\dataset\processed\val\images\Tr-pi_1442.jpg
gg (397).jpg,1,0,1.2149782959,0.9217297953201511,0.9033800959587097,0.927563117740447,0.8851123452186584,0.9266019513110957,0.9283568859100342,-0.00096116642935129,0,0,D:\BrainTumorDetection\dataset\processed\val\images\gg (397).jpg
Tr-gl_0507.jpg,1,0,0.915525,0.9222352098262955,0.9015787839889526,0.9584883542755204,0.8939440250396729,0.9573203930276754,0.9357391595840454,-0.0011679612478450174,0,0,D:\BrainTumorDetection\dataset\processed\val\images\Tr-gl_0507.jpg
Tr-gl_1264.jpg,3,0,0.1525839844,0.09122220860264307,0.902737021446228,0.09022064183727564,0.9025163650512695,0.0898731912152899,0.9199230670928955,-0.0013490173873531713,0,0,D:\BrainTumorDetection\dataset\processed\val\images\Tr-gl_1264.jpg
m (165).jpg,1,1,1.89209375,0.7675624504895762,0.8801364898681641,0.7706339570012185,0.911331295967102,0.7692323307376113,0.9266847372055054,-0.0014016262636071808,0,0,D:\BrainTumorDetection\dataset\processed\val\images\m (165).jpg
Tr-pi_0933.jpg,1,3,0.6099701416,0.9429296020727,0.8997687697410583,0.9539239769397488,0.9003337621688843,0.9522853806014445,0.9215779304504395,-0.0016385963383043212,0,0,D:\BrainTumorDetection\dataset\processed\val\images\Tr-pi_0933.jpg
Tr-pi_0972.jpg,1,3,0.6256093749999999,0.8961487287573097,0.9115217328071594,0.9123194319566397,0.9098371863365173,0.9100877612295106,0.29902413487434387,-0.0022316707271290426,0,0,D:\BrainTumorDetection\dataset\processed\val\images\Tr-pi_0972.jpg
Tr-gl_1264.jpg,2,0,0.32729877929999995,0.19839558121874112,0.902737021446228,0.1995406911488096,0.9025163650512695,0.19712249108135077,0.9199230670928955,-0.0024182000674588255,0,0,D:\BrainTumorDetection\dataset\processed\val\images\Tr-gl_1264.jpg
Tr-pi_1416.jpg,1,3,1.8680468506,0.9077987311303214,0.9086502194404602,0.8734272568618613,0.8556538820266724,0.9048367698687318,0.3412677049636841,-0.0029619612615895408,0,0,D:\BrainTumorDetection\dataset\processed\val\images\Tr-pi_1416.jpg
Tr-pi_1446.jpg,1,3,1.5567874756,0.8924759288834452,0.9270513653755188,0.9023970424086747,0.9029309749603271,0.8991993962261102,0.8080235719680786,-0.003197646182564462,0,0,D:\BrainTumorDetection\dataset\processed\val\images\Tr-pi_1446.jpg
Tr-pi_1110.jpg,1,3,0.5786916747999999,0.8935194205591912,0.8584500551223755,0.8724505071476203,0.8688017725944519,0.8903141556403307,0.8952276706695557,-0.0032052649188605287,0,0,D:\BrainTumorDetection\dataset\processed\val\images\Tr-pi_1110.jpg
gg (54).jpg,1,0,1.3885484375000001,0.8426978867941181,0.8383779525756836,0.8161565358151099,0.795490562915802,0.8394911291944178,0.8699659109115601,-0.0032067575997002384,0,0,D:\BrainTumorDetection\dataset\processed\val\images\gg (54).jpg
m3 (160).jpg,1,1,1.5823354492000001,0.9778857731900739,0.9131726026535034,0.964494478528248,0.9171635508537292,0.9746698097192718,0.9247204661369324,-0.003215963470802108,0,0,D:\BrainTumorDetection\dataset\processed\val\images\m3 (160).jpg
Tr-pi_0016.jpg,1,3,0.9513791504,0.8590939509368702,0.8152362108230591,0.89488231603528,0.8501437306404114,0.8915059408238318,0.9037153720855713,-0.0033763752114481793,0,0,D:\BrainTumorDetection\dataset\processed\val\images\Tr-pi_0016.jpg
Tr-pi_1117.jpg,1,3,1.1062569336,0.9817233151494603,0.8753430843353271,0.9603294092489092,0.8402236700057983,0.9776498788431291,0.9070780873298645,-0.0040734363063311685,0,0,D:\BrainTumorDetection\dataset\processed\val\images\Tr-pi_1117.jpg
Tr-pi_0401.jpg,1,3,1.0505661621,0.9480192833007557,0.923316240310669,0.9349157321693132,0.9168336391448975,0.9438669474190795,0.922619104385376,-0.0041523358816761835,0,0,D:\BrainTumorDetection\dataset\processed\val\images\Tr-pi_0401.jpg
Tr-gl_1138.jpg,1,0,1.0108958496,0.9627891172514698,0.9509130716323853,0.9319715309536205,0.9002736210823059,0.9581852850036335,0.934724748134613,-0.004603832247836226,0,0,D:\BrainTumorDetection\dataset\processed\val\images\Tr-gl_1138.jpg
Tr-pi_1251.jpg,1,3,1.4312703125,0.9596059459479999,0.9050989151000977,0.9568230588351885,0.8807091116905212,0.9549927297211253,0.917668342590332,-0.004613216226874606,0,0,D:\BrainTumorDetection\dataset\processed\val\images\Tr-pi_1251.jpg
Tr-pi_0818.jpg,1,3,1.2062052246,0.9008834813338608,0.895268440246582,0.9142903549345915,0.8746150732040405,0.9096267609344724,0.881491482257843,-0.004663594000119176,0,0,D:\BrainTumorDetection\dataset\processed\val\images\Tr-pi_0818.jpg
gg (136).jpg,1,0,0.8182501709,0.9008153296766448,0.8119493126869202,0.9242946456743645,0.7758933305740356,0.919166964302328,0.8338356614112854,-0.005127681372036452,0,0,D:\BrainTumorDetection\dataset\processed\val\images\gg (136).jpg
Tr-gl_1171.jpg,1,0,1.4953640625,0.973660715685954,0.9177462458610535,0.9602258037904144,0.9067637920379639,0.9684275812670401,0.9250003695487976,-0.005233134418913932,0,0,D:\BrainTumorDetection\dataset\processed\val\images\Tr-gl_1171.jpg
Tr-pi_1095.jpg,1,3,0.8628840332000001,0.8164753706081181,0.8550244569778442,0.8081808307062102,0.8405764102935791,0.8111051853135675,0.866316020488739,-0.005370185294550689,0,0,D:\BrainTumorDetection\dataset\processed\val\images\Tr-pi_1095.jpg
Tr-gl_0369.jpg,1,0,1.60216875,0.7952117366023945,0.886273205280304,0.8007357116440197,0.7743576765060425,0.795294302756743,0.905796468257904,-0.005441408887276733,0,0,D:\BrainTumorDetection\dataset\processed\val\images\Tr-gl_0369.jpg
Tr-gl_0508.jpg,1,0,0.8010819336000001,0.9059853674731342,0.9160662293434143,0.8790928461421291,0.8775254487991333,0.9000507187266733,0.9335178136825562,-0.00593464874646088,0,0,D:\BrainTumorDetection\dataset\processed\val\images\Tr-gl_0508.jpg
Tr-gl_1264.jpg,1,0,0.8117703124999999,0.49133416633723903,0.902737021446228,0.4949031877135853,0.9025163650512695,0.4889055392388586,0.9199230670928955,-0.0059976484747267245,0,0,D:\BrainTumorDetection\dataset\processed\val\images\Tr-gl_1264.jpg
m2 (38).jpg,1,1,1.110834375,0.9540294886814725,0.8838009238243103,0.9506407148964495,0.8884273171424866,0.9474234824343041,0.9249841570854187,-0.00660600624716845,0,0,D:\BrainTumorDetection\dataset\processed\val\images\m2 (38).jpg
Tr-pi_0140.jpg,1,3,1.1402151123,0.9469724784936071,0.8344769477844238,0.9481759994591059,0.7798043489456177,0.9415529564325257,0.28100377321243286,-0.006623043026580233,0,0,D:\BrainTumorDetection\dataset\processed\val\images\Tr-pi_0140.jpg
m (45).jpg,2,1,1.342775,0.8525578767539438,0.8793339729309082,0.8762494400171784,0.8853670954704285,0.8695401304814684,0.908594012260437,-0.0067093095357100285,0,0,D:\BrainTumorDetection\dataset\processed\val\images\m (45).jpg
Tr-pi_0212.jpg,1,3,0.5607557129,0.2744175132182012,0.8730618357658386,0.28212030946685485,0.8918939828872681,0.27523499147468433,0.2553732991218567,-0.006885317992170514,0,0,D:\BrainTumorDetection\dataset\processed\val\images\Tr-pi_0212.jpg
Tr-gl_1151.jpg,1,0,1.8211447754,0.9352917886092378,0.8501914143562317,0.9467966351720828,0.8336285352706909,0.9397518611479724,0.9374179244041443,-0.007044774024110412,0,0,D:\BrainTumorDetection\dataset\processed\val\images\Tr-gl_1151.jpg
gg (475).jpg,1,0,1.611325,0.9735371443997931,0.9201070070266724,0.9625068642817486,0.918696939945221,0.9661169676421558,0.9336668252944946,-0.007420176757637287,0,0,D:\BrainTumorDetection\dataset\processed\val\images\gg (475).jpg
Tr-pi_0549.jpg,1,3,0.6317111328,0.93919086967088,0.8407432436943054,0.9235379347240383,0.8182114362716675,0.9312509911112344,0.8667646646499634,-0.007939878559645508,0,0,D:\BrainTumorDetection\dataset\processed\val\images\Tr-pi_0549.jpg
Tr-me_1301.jpg,1,1,1.5861496581999999,0.9598109216630808,0.8785125613212585,0.9460477358642633,0.8918034434318542,0.9516432733233023,0.9056856632232666,-0.008167648339778455,0,0,D:\BrainTumorDetection\dataset\processed\val\images\Tr-me_1301.jpg
Tr-pi_1276.jpg,1,3,1.9130687744000001,0.9242043844018789,0.9310004115104675,0.9514503732168378,0.8914637565612793,0.9430897199485476,0.5116052031517029,-0.008360653268290164,0,0,D:\BrainTumorDetection\dataset\processed\val\images\Tr-pi_1276.jpg
Tr-pi_0525.jpg,1,3,0.7781953125000001,0.8145490440829848,0.8659271597862244,0.7943823104922438,0.8612499237060547,0.8060004931684644,0.8646277189254761,-0.008548550914520336,0,0,D:\BrainTumorDetection\dataset\processed\val\images\Tr-pi_0525.jpg
Tr-pi_0189.jpg,1,3,1.2828770752,0.8370425131682085,0.8976290225982666,0.8656434828805101,0.878674328327179,0.8570379923068537,0.9503884315490723,-0.008605490573656338,0,0,D:\BrainTumorDetection\dataset\processed\val\images\Tr-pi_0189.jpg
Tr-gl_1149.jpg,1,0,1.0166142334000001,0.8799609643808208,0.8243952393531799,0.8736327245698026,0.7824167609214783,0.8712444651969821,0.8640826940536499,-0.008716499183838766,0,0,D:\BrainTumorDetection\dataset\processed\val\images\Tr-gl_1149.jpg
Tr-me_0427.jpg,1,1,1.1867515869,0.9924175510941718,0.9163389801979065,0.9700042720132397,0.8942486643791199,0.983592069270157,0.9155279397964478,-0.00882548182401488,0,0,D:\BrainTumorDetection\dataset\processed\val\images\Tr-me_0427.jpg
m (144).jpg,1,1,1.2969888672,0.9266990609344922,0.8758083581924438,0.9023959924775371,0.8855504989624023,0.9171476741505513,0.8216350674629211,-0.009551386783940852,0,0,D:\BrainTumorDetection\dataset\processed\val\images\m (144).jpg
p (812).jpg,1,3,0.5767763672,0.8674992250298719,0.8305589556694031,0.8574856919962421,0.8158302903175354,0.8579211858936348,0.8966983556747437,-0.009578039136237115,0,0,D:\BrainTumorDetection\dataset\processed\val\images\p (812).jpg
Tr-gl_0402.jpg,1,0,1.0219576416,0.9520552879256063,0.8531365990638733,0.9241784869953455,0.8259720206260681,0.9420107536230617,0.9274189472198486,-0.010044534302544594,0,0,D:\BrainTumorDetection\dataset\processed\val\images\Tr-gl_0402.jpg
m (39).jpg,1,1,1.4190763672,0.9285428643039007,0.9268617033958435,0.9532097549124114,0.9194025993347168,0.942558739537413,0.9157443046569824,-0.010651015374998463,0,0,D:\BrainTumorDetection\dataset\processed\val\images\m (39).jpg
gg (221).jpg,1,0,0.860596875,0.9104066113353805,0.807863175868988,0.8901783752092605,0.6809164881706238,0.898938146150347,0.8322122693061829,-0.011468465185033527,0,0,D:\BrainTumorDetection\dataset\processed\val\images\gg (221).jpg
m (17).jpg,1,1,1.4152604004,0.896219998380309,0.8438888788223267,0.8442496291020313,0.7906108498573303,0.8847133990019809,0.8448910117149353,-0.011506599378328097,0,0,D:\BrainTumorDetection\dataset\processed\val\images\m (17).jpg
Tr-pi_0907.jpg,1,3,0.9124736328,0.9416095921595776,0.8558380603790283,0.9284072628984009,0.8485296964645386,0.9298370906571679,0.8749229311943054,-0.011772501502409716,0,0,D:\BrainTumorDetection\dataset\processed\val\images\Tr-pi_0907.jpg
Tr-pi_0504.jpg,1,3,0.9677812256,0.900704420948272,0.8150454759597778,0.9184658482528352,0.8001042604446411,0.9064605325753718,0.8685259819030762,-0.012005315677463324,0,0,D:\BrainTumorDetection\dataset\processed\val\images\Tr-pi_0504.jpg
p (780).jpg,1,3,1.0376,0.39713533847725047,0.6281980276107788,0.3916185187625836,0.43061167001724243,0.38489241084895276,0.5989753007888794,-0.012242927628297706,0,0,D:\BrainTumorDetection\dataset\processed\val\images\p (780).jpg
m2 (60).jpg,1,1,1.7108947998000001,0.8961726012205539,0.9121019244194031,0.9011092541759412,0.926859438419342,0.8886767674382533,0.934945821762085,-0.012432486737687931,0,0,D:\BrainTumorDetection\dataset\processed\val\images\m2 (60).jpg
m1(65).jpg,1,1,0.5950937500000001,0.8895966465364786,0.8803215026855469,0.9235700208769687,0.8415160179138184,0.9109423770940653,0.8926989436149597,-0.012627643782903375,0,0,D:\BrainTumorDetection\dataset\processed\val\images\m1(65).jpg
gg (72).jpg,1,0,0.3707833008,0.8965571993713481,0.907886803150177,0.8860657923075732,0.8583377003669739,0.8832175596715396,0.7439323663711548,-0.013339639699808559,0,0,D:\BrainTumorDetection\dataset\processed\val\images\gg (72).jpg
gg (229).jpg,1,0,1.6101807373,0.9715087400919112,0.8985429406166077,0.9682546569787881,0.8849063515663147,0.9581526289240491,0.9042857885360718,-0.013356111167862172,0,0,D:\BrainTumorDetection\dataset\processed\val\images\gg (229).jpg
Tr-pi_0211.jpg,1,3,1.0505661621,0.905647351025884,0.8567132353782654,0.9480829405857505,0.7903510332107544,0.9341486971291468,0.871886670589447,-0.013934243456603657,0,0,D:\BrainTumorDetection\dataset\processed\val\images\Tr-pi_0211.jpg
p (807).jpg,1,3,0.7896479004,0.733259145388966,0.6779557466506958,0.7604788311624276,0.661993682384491,0.7462970731185042,0.8394696712493896,-0.01418175804392341,0,0,D:\BrainTumorDetection\dataset\processed\val\images\p (807).jpg
gg (317).jpg,1,3,0.8056687499999999,0.9083549417431248,0.863504946231842,0.8758025521934323,0.7592961192131042,0.894056642405929,0.860205352306366,-0.014298299337195841,0,0,D:\BrainTumorDetection\dataset\processed\val\images\gg (317).jpg
Tr-pi_0369.jpg,1,3,1.9226097656000003,0.9542438900762804,0.9274229407310486,0.9510860005066933,0.9026442766189575,0.9398200412336597,0.3895796537399292,-0.014423848842620712,0,0,D:\BrainTumorDetection\dataset\processed\val\images\Tr-pi_0369.jpg
Tr-pi_0526.jpg,1,3,0.823978125,0.9041305830606576,0.8775147795677185,0.8684891812057081,0.865149199962616,0.8895542616540677,0.8940365314483643,-0.014576321406589932,0,0,D:\BrainTumorDetection\dataset\processed\val\images\Tr-pi_0526.jpg
gg (409).jpg,3,3,0.4840822998,0.8355310104490238,0.8868082165718079,0.7715930264488121,0.8085477948188782,0.8201568713988902,0.8888092041015625,-0.015374139050133628,0,0,D:\BrainTumorDetection\dataset\processed\val\images\gg (409).jpg
Te-pi_0018.jpg,1,3,0.41503750000000006,0.9183813715126654,0.9088331460952759,0.9006730033324939,0.875643789768219,0.9026130717528241,0.8810538649559021,-0.015768299759841287,0,0,D:\BrainTumorDetection\dataset\processed\val\images\Te-pi_0018.jpg
Tr-gl_0400.jpg,1,0,1.4419631836,0.8619079220822442,0.8839239478111267,0.8860041260792468,0.8400540351867676,0.8700741041455033,0.9069579243659973,-0.015930021933743488,0,0,D:\BrainTumorDetection\dataset\processed\val\images\Tr-gl_0400.jpg
Tr-pi_0897.jpg,1,3,1.2496899414,0.9112770970490557,0.9129250645637512,0.9336896173265263,0.8772702217102051,0.9176289836447292,0.9366836547851562,-0.01606063368179711,0,0,D:\BrainTumorDetection\dataset\processed\val\images\Tr-pi_0897.jpg
Tr-pi_0538.jpg,1,3,0.8247409668,0.9272572591759431,0.9032549262046814,0.9181836534315192,0.9076127409934998,0.9109930483207027,0.8833168148994446,-0.016264210855240435,0,0,D:\BrainTumorDetection\dataset\processed\val\images\Tr-pi_0538.jpg
gg (37).jpg,1,0,1.5045076172000003,0.9223908957905254,0.9208662509918213,0.9490826070859573,0.8823082447052002,0.9326868931716886,0.9216098189353943,-0.01639571391426864,0,0,D:\BrainTumorDetection\dataset\processed\val\images\gg (37).jpg
Tr-pi_1430.jpg,1,3,1.1901847656,0.9282841384534545,0.9051720499992371,0.9456182884194695,0.8782953023910522,0.9286559444104376,0.8974723815917969,-0.01696234400903185,0,0,D:\BrainTumorDetection\dataset\processed\val\images\Tr-pi_1430.jpg
Tr-pi_0327.jpg,1,3,0.518796875,0.893492809318698,0.5578925609588623,0.9281989807589154,0.2954922914505005,0.910776936859528,0.5957164764404297,-0.017422043899387396,0,0,D:\BrainTumorDetection\dataset\processed\val\images\Tr-pi_0327.jpg
Tr-pi_1235.jpg,1,3,1.7063173583999998,0.8758197537984829,0.886254608631134,0.9202615081075237,0.8645204305648804,0.9027941877129984,0.5146847367286682,-0.017467320394525365,0,0,D:\BrainTumorDetection\dataset\processed\val\images\Tr-pi_1235.jpg
Tr-pi_0327.jpg,2,3,0.6694739502000001,0.8722238119331648,0.4682166576385498,0.8806117572861154,0.46093976497650146,0.8630183000828434,0.6034817099571228,-0.01759345720327199,0,0,D:\BrainTumorDetection\dataset\processed\val\images\Tr-pi_0327.jpg
Tr-pi_0148.jpg,2,3,1.3916,0.9483827115326977,0.860203742980957,0.9285672710533093,0.8793116211891174,0.9306802065998389,0.8943169713020325,-0.017702504932858854,0,0,D:\BrainTumorDetection\dataset\processed\val\images\Tr-pi_0148.jpg
gg (409).jpg,1,0,0.6874083496,0.6259322755838884,0.6597914099693298,0.23734943387743873,0.7309908866882324,0.6076453642503761,0.6588927507400513,-0.018286911333512346,0,0,D:\BrainTumorDetection\dataset\processed\val\images\gg (409).jpg
Tr-pi_1282.jpg,1,3,1.9130687744000001,0.9351632581981009,0.9047390222549438,0.9385945925886479,0.8928729891777039,0.9203019411895262,0.7412781715393066,-0.018292651399121618,0,0,D:\BrainTumorDetection\dataset\processed\val\images\Tr-pi_1282.jpg
Tr-gl_0518.jpg,1,0,1.4350847167999998,0.9313517465787172,0.8849086761474609,0.9261137459991725,0.8415812849998474,0.9125305362495802,0.8908188939094543,-0.018821210329136973,0,0,D:\BrainTumorDetection\dataset\processed\val\images\Tr-gl_0518.jpg
Tr-me_1096.jpg,1,1,0.70190625,0.8914197622758043,0.9076086282730103,0.8736840747140863,0.8501219153404236,0.8724476672890163,0.893631100654602,-0.01897209498678798,0,0,D:\BrainTumorDetection\dataset\processed\val\images\Tr-me_1096.jpg
Tr-pi_1053.jpg,1,3,1.7124077881,0.9636116124212332,0.9279649257659912,0.9849755676691165,0.9100369811058044,0.9659028452783045,0.9321115612983704,-0.019072722390812036,0,0,D:\BrainTumorDetection\dataset\processed\val\images\Tr-pi_1053.jpg
gg (27).jpg,2,0,0.210571875,0.8637091630056848,0.7625058889389038,0.7262778877587965,0.6355929374694824,0.8446355434620537,0.7164068222045898,-0.01907361954363107,0,0,D:\BrainTumorDetection\dataset\processed\val\images\gg (27).jpg
m (169).jpg,1,1,1.7635343994000001,0.9341691226879801,0.8639691472053528,0.7717449214190379,0.8001824617385864,0.9144869942794284,0.8116111159324646,-0.01968212840855177,0,0,D:\BrainTumorDetection\dataset\processed\val\images\m (169).jpg
Tr-gl_0691.jpg,1,0,1.8100704834000003,0.9277689160316224,0.9376226663589478,0.9469116030747821,0.9305521845817566,0.9268619432236137,0.9290733337402344,-0.020049659851168355,0,0,D:\BrainTumorDetection\dataset\processed\val\images\Tr-gl_0691.jpg
m2 (176).jpg,1,1,1.6601500000000002,0.9616090289339451,0.9202650785446167,0.9284678853992586,0.9151684641838074,0.9415068668017202,0.9099913835525513,-0.02010216213222482,0,0,D:\BrainTumorDetection\dataset\processed\val\images\m2 (176).jpg
gg (409).jpg,2,0,1.4350847167999998,0.8744641867732871,0.810802161693573,0.5030881633367988,0.7309908866882324,0.8543138105404735,0.40964391827583313,-0.02015037623281357,0,0,D:\BrainTumorDetection\dataset\processed\val\images\gg (409).jpg
Tr-pi_1314.jpg,1,3,1.1474625,0.874156092680001,0.8896669149398804,0.9049954460087447,0.8651215434074402,0.8846519450226104,0.9361372590065002,-0.020343500986134355,0,0,D:\BrainTumorDetection\dataset\processed\val\images\Tr-pi_1314.jpg
Tr-me_1120.jpg,1,1,0.8037520752,0.9769013607591011,0.8980407118797302,0.922790700590245,0.8674408793449402,0.9563452459106229,0.9008800983428955,-0.02055611484847819,0,0,D:\BrainTumorDetection\dataset\processed\val\images\Tr-me_1120.jpg
gg (305).jpg,1,3,0.6389583252000001,0.912818974844086,0.7189132571220398,0.9212039121132354,0.7292256951332092,0.9006172627956435,0.6944852471351624,-0.02058664931759191,0,0,D:\BrainTumorDetection\dataset\processed\val\images\gg (305).jpg
m (186).jpg,1,1,0.8529583008,0.8841834442969243,0.8432052731513977,0.8659881326702653,0.7874156832695007,0.8630027426733239,0.8659104704856873,-0.021180701623600418,0,0,D:\BrainTumorDetection\dataset\processed\val\images\m (186).jpg
Tr-piTr_0001.jpg,1,3,0.6813081542999999,0.9546289026157623,0.8847485780715942,0.9673778040101073,0.869086742401123,0.9459753499180396,0.8957386016845703,-0.021402454092067758,0,0,D:\BrainTumorDetection\dataset\processed\val\images\Tr-piTr_0001.jpg
Tr-me_1159.jpg,1,1,1.0314839843999999,0.957226075417683,0.9039168953895569,0.9356823374551133,0.8534970879554749,0.9357089549321922,0.8908719420433044,-0.021517120485490815,0,0,D:\BrainTumorDetection\dataset\processed\val\images\Tr-me_1159.jpg
gg (287).jpg,1,0,1.7703906006,0.9632180485256386,0.8370192646980286,0.6884356028518289,0.8889446258544922,0.941625670224381,0.7615877985954285,-0.021592378301257598,0,0,D:\BrainTumorDetection\dataset\processed\val\images\gg (287).jpg
Tr-pi_1448.jpg,1,3,1.4392869873,0.9204307900331905,0.8797939419746399,0.9555267701914768,0.9035151600837708,0.9332983681857969,0.9121937155723572,-0.02222840200567988,0,0,D:\BrainTumorDetection\dataset\processed\val\images\Tr-pi_1448.jpg
m1(46).jpg,1,1,1.8657614502000004,0.888885600817756,0.9089763164520264,0.9370057543583228,0.9171488881111145,0.9145880628147899,0.6509406566619873,-0.022417691543532903,0,0,D:\BrainTumorDetection\dataset\processed\val\images\m1(46).jpg
Tr-pi_0432.jpg,1,3,0.5767763672,0.955594697754825,0.857539176940918,0.982646770158429,0.8516920804977417,0.960222624635606,0.8934540748596191,-0.022424145522823014,0,0,D:\BrainTumorDetection\dataset\processed\val\images\Tr-pi_0432.jpg
Tr-pi_0845.jpg,1,3,1.6265763672,0.9249938869523227,0.8740546107292175,0.9190799079636591,0.8447397947311401,0.902122540085237,0.5358176827430725,-0.022871346867085696,0,0,D:\BrainTumorDetection\dataset\processed\val\images\Tr-pi_0845.jpg
gg (434).jpg,1,0,0.8773805664,0.9708629299824564,0.8958817720413208,0.9480144460081495,0.8869675397872925,0.9469585506664335,0.9333077073097229,-0.02390437931602285,0,0,D:\BrainTumorDetection\dataset\processed\val\images\gg (434).jpg
Tr-pi_0590.jpg,1,3,0.6568878418,0.9136950024607985,0.8529377579689026,0.947984236435518,0.8706191778182983,0.9238724252220818,0.9029691815376282,-0.024111811213436196,0,0,D:\BrainTumorDetection\dataset\processed\val\images\Tr-pi_0590.jpg
Tr-pi_0394.jpg,1,3,0.9735142578000001,0.9450401022230829,0.915764331817627,0.917709003270561,0.9018428921699524,0.9209018523695149,0.9205788373947144,-0.02413824985356794,0,0,D:\BrainTumorDetection\dataset\processed\val\images\Tr-pi_0394.jpg
Tr-pi_0902.jpg,1,3,0.5493125,0.9335195924540679,0.8316735029220581,0.8260602964618523,0.7372579574584961,0.9091150224394482,0.8927096724510193,-0.02440457001461971,0,0,D:\BrainTumorDetection\dataset\processed\val\images\Tr-pi_0902.jpg
Tr-pi_1267.jpg,1,3,1.153565625,0.9138983084153461,0.8903693556785583,0.9433560327712144,0.8759934902191162,0.9188546701530768,0.9161221385002136,-0.024501362618137623,0,0,D:\BrainTumorDetection\dataset\processed\val\images\Tr-pi_1267.jpg
Tr-pi_0148.jpg,1,3,1.4419616211,0.9146061170912849,0.8617826700210571,0.921282686982109,0.8054333329200745,0.8965225960533172,0.8870934247970581,-0.024760090928791834,0,0,D:\BrainTumorDetection\dataset\processed\val\images\Tr-pi_0148.jpg
m (82).jpg,1,1,1.8024416748,0.9009052002586098,0.9275426864624023,0.9079571979032587,0.9161618947982788,0.8828553719096661,0.9384804964065552,-0.025101825993592564,0,0,D:\BrainTumorDetection\dataset\processed\val\images\m (82).jpg
gg (135).jpg,3,0,0.28076249999999997,0.1760804774417502,0.8647867441177368,0.17255524858447757,0.8384833335876465,0.1509325397910754,0.8511267304420471,-0.0251479376506748,0,0,D:\BrainTumorDetection\dataset\processed\val\images\gg (135).jpg
gg (27).jpg,1,0,1.6555850585999998,0.8724044999854508,0.8704916834831238,0.910140001474277,0.9002713561058044,0.884788240912753,0.8829019069671631,-0.025351760561523995,0,0,D:\BrainTumorDetection\dataset\processed\val\images\gg (27).jpg
Tr-pi_1025.jpg,1,3,0.6866484374999999,0.8721087478190165,0.8866807222366333,0.9100135076908771,0.8618848323822021,0.8841263647344655,0.8226382732391357,-0.02588714295641159,0,0,D:\BrainTumorDetection\dataset\processed\val\images\Tr-pi_1025.jpg
Tr-pi_0737.jpg,1,3,0.3318822754,0.9040661692300458,0.8917310833930969,0.9037603576747673,0.870760977268219,0.877819149395936,0.9220293164253235,-0.02624701983410982,0,0,D:\BrainTumorDetection\dataset\processed\val\images\Tr-pi_0737.jpg
Tr-me_0408.jpg,1,1,1.2100198242,0.9395015690997535,0.902109682559967,0.9609595960262406,0.8791301250457764,0.9344788349469381,0.9284299612045288,-0.02648076107930253,0,0,D:\BrainTumorDetection\dataset\processed\val\images\Tr-me_0408.jpg
gg (24).jpg,1,0,1.8684440917999998,0.915387116800098,0.8950566649436951,0.9464768560538568,0.8967120051383972,0.9197778568666648,0.6069257855415344,-0.026698999187191985,0,0,D:\BrainTumorDetection\dataset\processed\val\images\gg (24).jpg
Tr-pi_0089.jpg,1,3,0.8392361328000001,0.8766818977324317,0.8650346994400024,0.8723888491709306,0.8365376591682434,0.8489601098627225,0.8938910365104675,-0.027721787869709136,0,0,D:\BrainTumorDetection\dataset\processed\val\images\Tr-pi_0089.jpg
Tr-pi_1259.jpg,1,3,1.8081756836,0.8215879947553951,0.8961255550384521,0.8878641565990919,0.8733817338943481,0.8592756932707651,0.8301694989204407,-0.028588463328326763,0,0,D:\BrainTumorDetection\dataset\processed\val\images\Tr-pi_1259.jpg
Tr-me_1116.jpg,1,1,1.4381362793000003,0.9096042258255155,0.9166392087936401,0.9536356833297487,0.9040941596031189,0.9247782533222711,0.9161720871925354,-0.028857430007477536,0,0,D:\BrainTumorDetection\dataset\processed\val\images\Tr-me_1116.jpg
Tr-gl_1162.jpg,1,0,1.3000499999999997,0.9006074402635486,0.8954554796218872,0.9356382445615263,0.8588018417358398,0.906328919047542,0.9352596998214722,-0.029309325513984352,0,0,D:\BrainTumorDetection\dataset\processed\val\images\Tr-gl_1162.jpg
p (737).jpg,1,3,0.9269775878999998,0.9438267614205654,0.890310525894165,0.8975102921025659,0.8679419159889221,0.9143540183292623,0.894557774066925,-0.0294727430913031,0,0,D:\BrainTumorDetection\dataset\processed\val\images\p (737).jpg
m (45).jpg,1,3,0.6523182128999999,0.8688690203502273,0.6573803424835205,0.8193970857661362,0.8138629794120789,0.8391396776088795,0.6533673405647278,-0.029729342741347753,0,0,D:\BrainTumorDetection\dataset\processed\val\images\m (45).jpg
Tr-me_0379.jpg,1,1,1.7635343994000001,0.9164795388692888,0.8825225234031677,0.8988134682894915,0.8657224178314209,0.8865754079716434,0.5465373992919922,-0.02990413089764543,0,0,D:\BrainTumorDetection\dataset\processed\val\images\Tr-me_0379.jpg
Te-pi_0021.jpg,1,3,0.9143807373000001,0.9113484036933356,0.9037591814994812,0.9053753786152888,0.8908316493034363,0.8789960068733335,0.9250827431678772,-0.03235239682000213,0,0,D:\BrainTumorDetection\dataset\processed\val\images\Te-pi_0021.jpg
gg (140).jpg,1,0,1.9500749999999998,0.8984928502485868,0.9275621771812439,0.9335193138511063,0.9113436937332153,0.9010810134092093,0.9459937214851379,-0.032438300441896994,0,0,D:\BrainTumorDetection\dataset\processed\val\images\gg (140).jpg
m (185).jpg,1,1,1.5136749999999999,0.9122992555387983,0.8935919404029846,0.9557876199401902,0.916947603225708,0.9227656894082733,0.9187183976173401,-0.03302193053191693,0,0,D:\BrainTumorDetection\dataset\processed\val\images\m (185).jpg
Tr-pi_0049.jpg,1,3,0.6484944336,0.900406136296721,0.8967605829238892,0.9201523115808262,0.8689738512039185,0.8870352363169586,0.9065704345703125,-0.033117075263867646,0,0,D:\BrainTumorDetection\dataset\processed\val\images\Tr-pi_0049.jpg
Tr-pi_0085.jpg,1,3,0.38680903320000004,0.9326622219978383,0.8695610761642456,0.9411978997760707,0.8071890473365784,0.9080590756509952,0.8847419023513794,-0.03313882412507552,0,0,D:\BrainTumorDetection\dataset\processed\val\images\Tr-pi_0085.jpg
m3 (150).jpg,1,1,0.9906791747999999,0.6615769048410051,0.8463984727859497,0.6751370344130919,0.8515591621398926,0.6406202830615819,0.6627497673034668,-0.03451675135151,0,0,D:\BrainTumorDetection\dataset\processed\val\images\m3 (150).jpg
Tr-pi_0540.jpg,1,3,1.8157923828000002,0.9758595632682805,0.934675395488739,0.979587089912827,0.9120180606842041,0.9444213884555261,0.864893913269043,-0.0351657014573008,0,0,D:\BrainTumorDetection\dataset\processed\val\images\Tr-pi_0540.jpg
Tr-pi_0534.jpg,1,3,0.36048435060000006,0.8587071115106927,0.8815252780914307,0.8428060487309164,0.8608903884887695,0.8233457590877996,0.9130459427833557,-0.035361352422893066,0,0,D:\BrainTumorDetection\dataset\processed\val\images\Tr-pi_0534.jpg
Tr-pi_0485.jpg,1,3,1.5792958008,0.9107834039984052,0.928887665271759,0.9459597811078049,0.8942187428474426,0.910442126414971,0.9481372237205505,-0.035517654692833855,0,0,D:\BrainTumorDetection\dataset\processed\val\images\Tr-pi_0485.jpg
m (115).jpg,1,1,1.116946875,0.7690999012692067,0.7064872980117798,0.7888217707393438,0.7154707908630371,0.7532317910574035,0.8501346707344055,-0.03558997968194033,0,0,D:\BrainTumorDetection\dataset\processed\val\images\m (115).jpg
Tr-pi_0623.jpg,1,3,1.7452250244,0.8421481112666431,0.8866933584213257,0.8704676090198018,0.8558213710784912,0.8339942271500103,0.851538360118866,-0.036473381869791544,0,0,D:\BrainTumorDetection\dataset\processed\val\images\Tr-pi_0623.jpg
Tr-pi_1391.jpg,1,3,1.8844649413999999,0.9401695510622077,0.8958246111869812,0.9312319994139265,0.8838964104652405,0.9031098842363215,0.580326497554779,-0.03705966682588613,0,0,D:\BrainTumorDetection\dataset\processed\val\images\Tr-pi_1391.jpg
Tr-gl_0238.jpg,1,0,1.9355739746000002,0.9407891149747033,0.8893508315086365,0.9525014225263322,0.9044814705848694,0.9139650634597122,0.9382839798927307,-0.03853635906662001,0,0,D:\BrainTumorDetection\dataset\processed\val\images\Tr-gl_0238.jpg
m (19).jpg,1,1,1.3961895508,0.8580914033831031,0.8343404531478882,0.8088105349765039,0.8369243144989014,0.819292933464948,0.7659571766853333,-0.038798469918155054,0,0,D:\BrainTumorDetection\dataset\processed\val\images\m (19).jpg
Tr-pi_1097.jpg,1,3,0.6542161377,0.9029731017417948,0.8346558213233948,0.9185635149353789,0.8351408243179321,0.8795407954731991,0.8170955181121826,-0.03902271946217983,0,0,D:\BrainTumorDetection\dataset\processed\val\images\Tr-pi_1097.jpg
Tr-pi_0470.jpg,1,3,1.4568270752,0.8903902628505385,0.7756651639938354,0.878003102195192,0.8441132307052612,0.8510962442661666,0.8825647830963135,-0.03929401858437187,0,0,D:\BrainTumorDetection\dataset\processed\val\images\Tr-pi_0470.jpg
Tr-pi_0167.jpg,1,3,1.5373246582,0.9517401830814445,0.9064432382583618,0.9687300312927645,0.8519440293312073,0.9276770797249124,0.9217312335968018,-0.04105295156785205,0,0,D:\BrainTumorDetection\dataset\processed\val\images\Tr-pi_0167.jpg
m (169).jpg,2,1,0.9277374999999999,0.8925173821490371,0.8571465611457825,0.8955038782424357,0.6707776188850403,0.853861548960062,0.769643247127533,-0.04164232928237377,0,0,D:\BrainTumorDetection\dataset\processed\val\images\m (169).jpg
gg (135).jpg,2,0,0.9456656494,0.540042704827174,0.8647867441177368,0.5495450001428576,0.8384833335876465,0.5072803757411346,0.8511267304420471,-0.04226462440172296,0,0,D:\BrainTumorDetection\dataset\processed\val\images\gg (135).jpg
Tr-pi_1060.jpg,1,3,0.8331232422,0.9272614896507481,0.9028573036193848,0.9534952505189291,0.8541545867919922,0.9103815434440242,0.8834453821182251,-0.04311370707490492,0,0,D:\BrainTumorDetection\dataset\processed\val\images\Tr-pi_1060.jpg
Tr-pi_0235.jpg,1,3,0.6141645996,0.9199433165430506,0.8662779927253723,0.9223632462316812,0.8220705986022949,0.8789506927852994,0.8669958710670471,-0.04341255344638184,0,0,D:\BrainTumorDetection\dataset\processed\val\images\Tr-pi_0235.jpg
Tr-pi_0558.jpg,1,3,0.5577041504000001,0.9347853964096441,0.8715736865997314,0.8755877727367964,0.8595422506332397,0.8913604265309887,0.917792797088623,-0.043424969878655406,0,0,D:\BrainTumorDetection\dataset\processed\val\images\Tr-pi_0558.jpg
Tr-pi_0588.jpg,1,3,1.1867515869,0.9152526081537907,0.8855052590370178,0.9649595962316501,0.8692747950553894,0.9212813824512947,0.927341103553772,-0.04367821378035541,0,0,D:\BrainTumorDetection\dataset\processed\val\images\Tr-pi_0588.jpg
Tr-gl_1283.jpg,1,0,1.6372616211000002,0.9123447221262385,0.8739591836929321,0.8786521344064834,0.83236163854599,0.8680528453189836,0.9041639566421509,-0.04429187680725488,0,0,D:\BrainTumorDetection\dataset\processed\val\images\Tr-gl_1283.jpg
Tr-pi_0617.jpg,1,3,0.8602138916000001,0.8498373181595104,0.8087490797042847,0.9501338779735166,0.8404253125190735,0.9044722382182686,0.9299760460853577,-0.04566163975524795,0,0,D:\BrainTumorDetection\dataset\processed\val\images\Tr-pi_0617.jpg
Tr-pi_0778.jpg,1,3,0.8972140625000001,0.8473425612963877,0.7981776595115662,0.8452182512147665,0.7919678092002869,0.8006796968099322,0.7986953854560852,-0.04666286448645551,0,0,D:\BrainTumorDetection\dataset\processed\val\images\Tr-pi_0778.jpg
gg (307).jpg,1,0,1.5125307373,0.9481126387517713,0.8768698573112488,0.9289482220360215,0.8958863019943237,0.9007284813126971,0.9195816516876221,-0.047384157439074204,0,0,D:\BrainTumorDetection\dataset\processed\val\images\gg (307).jpg
m (33).jpg,1,1,1.1932361328,0.9575850900871616,0.8673020601272583,0.9054168686416403,0.8163467645645142,0.9101879988361987,0.9032820463180542,-0.04739709125096292,0,0,D:\BrainTumorDetection\dataset\processed\val\images\m (33).jpg
gg (136).jpg,2,0,0.6866388672,0.8937927098968542,0.8415865302085876,0.942644276000727,0.7746170163154602,0.8951308874829791,0.8438640832901001,-0.04751338851774789,0,0,D:\BrainTumorDetection\dataset\processed\val\images\gg (136).jpg
Tr-pi_1112.jpg,1,3,1.7685051757999997,0.968219050578422,0.8664563894271851,0.9409352406726192,0.888879120349884,0.9183385759872876,0.8736972808837891,-0.049880474591134316,0,0,D:\BrainTumorDetection\dataset\processed\val\images\Tr-pi_1112.jpg
Tr-gl_1141.jpg,1,0,1.7875652832,0.9255440101242792,0.8974267840385437,0.8858756040875044,0.89226233959198,0.8754113825187825,0.9203515648841858,-0.05013262760549675,0,0,D:\BrainTumorDetection\dataset\processed\val\images\Tr-gl_1141.jpg
Tr-pi_1428.jpg,1,3,0.5790715331999999,0.9507336587427108,0.8866044282913208,0.9640308102068849,0.844516932964325,0.913824030383221,0.8548003435134888,-0.05020677982366384,0,0,D:\BrainTumorDetection\dataset\processed\val\images\Tr-pi_1428.jpg
Tr-pi_0216.jpg,1,3,1.8158,0.9759338376104637,0.9011566042900085,0.9814563784962936,0.8936498761177063,0.9276546637689194,0.7750235199928284,-0.05380171472737427,0,0,D:\BrainTumorDetection\dataset\processed\val\images\Tr-pi_0216.jpg
gg (520).jpg,1,0,0.8037520752,0.8911938537876818,0.8310367465019226,0.7797346829736274,0.8442545533180237,0.837276263281106,0.8513248562812805,-0.05391759050657574,0,0,D:\BrainTumorDetection\dataset\processed\val\images\gg (520).jpg
m (141).jpg,1,1,1.8402046875000002,0.6147804329306029,0.775729238986969,0.8094689035431352,0.8421536087989807,0.7549757321853511,0.8562411069869995,-0.05449317135778409,0,0,D:\BrainTumorDetection\dataset\processed\val\images\m (141).jpg
Tr-pi_0168.jpg,1,3,1.1306694336,0.6625808217577299,0.8850646018981934,0.7138668786128156,0.8204215168952942,0.6575569339195894,0.9166088700294495,-0.056309944693226255,0,0,D:\BrainTumorDetection\dataset\processed\val\images\Tr-pi_0168.jpg
Tr-pi_0722.jpg,1,3,0.6591750000000001,0.6943484696080371,0.8213797211647034,0.7018126344155037,0.8025737404823303,0.6434404445880063,0.7839138507843018,-0.05837218982749737,0,0,D:\BrainTumorDetection\dataset\processed\val\images\Tr-pi_0722.jpg
Tr-pi_0920.jpg,1,3,0.8811934082000001,0.920908118094821,0.8891378045082092,0.8989715299806613,0.8824150562286377,0.861030547816182,0.840579092502594,-0.059877570278638936,0,0,D:\BrainTumorDetection\dataset\processed\val\images\Tr-pi_0920.jpg
Tr-pi_0605.jpg,1,3,1.7089875,0.9220659504475531,0.8912661671638489,0.9498443610161055,0.8646824955940247,0.8888138186179414,0.919130802154541,-0.06103054239816408,0,0,D:\BrainTumorDetection\dataset\processed\val\images\Tr-pi_0605.jpg
gg (372).jpg,1,0,0.8056687499999999,0.906398177741527,0.8892676830291748,0.8599360901630296,0.8704002499580383,0.8443662633670447,0.9144390225410461,-0.0620319143744823,0,0,D:\BrainTumorDetection\dataset\processed\val\images\gg (372).jpg
Tr-pi_1091.jpg,1,3,0.6484944336,0.8502270936697484,0.8615768551826477,0.8705293382290085,0.6255984902381897,0.8079215506502642,0.7816498279571533,-0.0626077875787443,0,0,D:\BrainTumorDetection\dataset\processed\val\images\Tr-pi_1091.jpg
Tr-me_1096.jpg,2,3,0.32043886720000003,0.8003401014839152,0.6936075091362,0.8956433649156711,0.5821050405502319,0.8307723319504579,0.41172537207603455,-0.06487103296521324,0,0,D:\BrainTumorDetection\dataset\processed\val\images\Tr-me_1096.jpg
gg (480).jpg,1,0,1.0910086914,0.8019029169458712,0.8993194103240967,0.8529917140441695,0.8116089105606079,0.7868584592499274,0.9235211610794067,-0.06613325479424215,0,0,D:\BrainTumorDetection\dataset\processed\val\images\gg (480).jpg
Tr-pi_0611.jpg,1,3,0.5859375,0.7361462105958102,0.8404349088668823,0.7411667013279839,0.7944014668464661,0.6746362539059495,0.8090327978134155,-0.0665304474220344,0,0,D:\BrainTumorDetection\dataset\processed\val\images\Tr-pi_0611.jpg
Tr-pi_0557.jpg,1,3,0.518796875,0.8930948290823357,0.8568455576896667,0.8552406769895851,0.8525177240371704,0.8221102452033877,0.9248054623603821,-0.07098458387894802,0,0,D:\BrainTumorDetection\dataset\processed\val\images\Tr-pi_0557.jpg
Tr-pi_0119.jpg,1,3,0.49782341309999995,0.8361423133524083,0.8785794377326965,0.8245761417705031,0.8469033241271973,0.7481933708277311,0.8735687136650085,-0.08794894252467722,0,0,D:\BrainTumorDetection\dataset\processed\val\images\Tr-pi_0119.jpg
Tr-pi_1331.jpg,1,3,0.5664838623,0.9024139992458278,0.7305701971054077,0.8228904818184187,0.7363855838775635,0.8134846783385897,0.7660974860191345,-0.08892932090723804,0,0,D:\BrainTumorDetection\dataset\processed\val\images\Tr-pi_1331.jpg
Tr-pi_0532.jpg,1,3,0.2536734131,0.9070775057219083,0.6103593707084656,0.7874804285981917,0.7412403225898743,0.8134170946942301,0.6437663435935974,-0.09366041102767819,0,0,D:\BrainTumorDetection\dataset\processed\val\images\Tr-pi_0532.jpg
Tr-gl_0378.jpg,1,0,1.4312703125,0.9265737446891155,0.8648738861083984,0.9381758307376628,0.8273307681083679,0.8421171960667673,0.899928629398346,-0.09605863467089548,0,0,D:\BrainTumorDetection\dataset\processed\val\images\Tr-gl_0378.jpg
Tr-pi_1121.jpg,1,3,0.4234354004,0.8207055929654642,0.5972608327865601,0.8904280025814614,0.7404801845550537,0.7942940484222626,0.5588424205780029,-0.09613395415919879,0,0,D:\BrainTumorDetection\dataset\processed\val\images\Tr-pi_1121.jpg
Tr-pi_1212.jpg,1,3,1.3091951171999998,0.9246774446184496,0.8980222344398499,0.9321458012833096,0.8582546710968018,0.8280708098472019,0.9094791412353516,-0.10407499143610766,0,0,D:\BrainTumorDetection\dataset\processed\val\images\Tr-pi_1212.jpg
Tr-pi_0873.jpg,1,3,0.4562368164,0.8435724899635534,0.751702606678009,0.8639520825937246,0.7697948813438416,0.7593164562808687,0.7899629473686218,-0.10463562631285583,0,0,D:\BrainTumorDetection\dataset\processed\val\images\Tr-pi_0873.jpg
gg (273).jpg,1,0,1.3275173828000002,0.9119016516178983,0.8204231262207031,0.8228335352731646,0.7660428285598755,0.8055168968129196,0.8026036024093628,-0.10638475480497867,0,0,D:\BrainTumorDetection\dataset\processed\val\images\gg (273).jpg
Tr-gl_0933.jpg,1,0,0.8087187499999999,0.93120494336707,0.8737620711326599,0.8987577544054506,0.8832940459251404,0.8162761179119995,0.8381497859954834,-0.11492882545507055,0,0,D:\BrainTumorDetection\dataset\processed\val\images\Tr-gl_0933.jpg
p (767).jpg,1,3,0.6484944336,0.7795372764706998,0.7921344041824341,0.811187685880518,0.7524721622467041,0.6895360242009706,0.8135818243026733,-0.12165166167954744,0,0,D:\BrainTumorDetection\dataset\processed\val\images\p (767).jpg
gg (239).jpg,1,0,1.3954145995999998,0.9338678487331463,0.8219349384307861,0.8820807615754146,0.8259292244911194,0.7885292327606203,0.8847928047180176,-0.14533861597252606,0,0,D:\BrainTumorDetection\dataset\processed\val\images\gg (239).jpg
Tr-me_0230.jpg,1,1,1.7276890140999999,0.8771662559016794,0.3030723035335541,0.930335305373056,0.8659607172012329,0.7708623688986233,0.8740617036819458,-0.15947293647443272,0,0,D:\BrainTumorDetection\dataset\processed\val\images\Tr-me_0230.jpg
Tr-pi_0812.jpg,1,3,1.0437,0.6223000235528592,0.5394192337989807,0.9689993708325065,0.8052822351455688,0.8080173398607493,0.7720624208450317,-0.16098203097175723,0,0,D:\BrainTumorDetection\dataset\processed\val\images\Tr-pi_0812.jpg
gg (359).jpg,1,0,1.354978125,0.663384859096625,0.5824575424194336,0.6463341178992108,0.471682608127594,0.4651557085570867,0.5827379822731018,-0.19822915053953832,0,0,D:\BrainTumorDetection\dataset\processed\val\images\gg (359).jpg
p (775).jpg,1,3,1.2729673584,0.5901266005540988,0.45225876569747925,0.2870138823862985,0.6118550300598145,0.3729081857761454,0.45153337717056274,-0.21721841477795345,0,0,D:\BrainTumorDetection\dataset\processed\val\images\p (775).jpg
gg (324).jpg,1,0,1.6449015625,0.9296334906812157,0.6699366569519043,0.732250713007985,0.8380511403083801,0.5737530061979821,0.7035170793533325,-0.3558804844832336,0,0,D:\BrainTumorDetection\dataset\processed\val\images\gg (324).jpg
gg (482).jpg,1,0,1.6365003418,0.3914483276432572,0.3798696994781494,0.0,0.0,0.0,0.0,-0.3914483276432572,0,0,D:\BrainTumorDetection\dataset\processed\val\images\gg (482).jpg
gg (385).jpg,1,0,0.9475756835999999,0.7857370611089226,0.47487425804138184,0.6831265692073863,0.39605268836021423,0.3565111064534362,0.5962650775909424,-0.4292259546554864,0,0,D:\BrainTumorDetection\dataset\processed\val\images\gg (385).jpg
Tr-pi_0812.jpg,2,3,0.6454430664,0.7977742989653624,0.49172765016555786,0.1000475911447,0.8052822351455688,0.1988139128446254,0.7720624208450317,-0.5989603861207371,0,0,D:\BrainTumorDetection\dataset\processed\val\images\Tr-pi_0812.jpg
gg (568).jpg,1,0,1.9630427246,0.6394967173722537,0.5033325552940369,0.0,0.0,0.0,0.0,-0.6394967173722537,0,0,D:\BrainTumorDetection\dataset\processed\val\images\gg (568).jpg
m (15).jpg,1,1,0.3528604248,0.7399127951486083,0.5852338075637817,0.0,0.0,0.011090679308958826,0.5195497870445251,-0.7288221158396495,0,0,D:\BrainTumorDetection\dataset\processed\val\images\m (15).jpg
Tr-me_1116.jpg,2,3,0.19226249999999998,0.706628660994916,0.42549869418144226,0.7869654178450796,0.3212434947490692,0.0,0.0,-0.7869654178450796,0,0,D:\BrainTumorDetection\dataset\processed\val\images\Tr-me_1116.jpg
Tr-pi_1119.jpg,1,3,1.4190763672,0.9785531979027475,0.9311348795890808,0.9713937946119718,0.918407678604126,0.0,0.0,-0.9785531979027475,0,0,D:\BrainTumorDetection\dataset\processed\val\images\Tr-pi_1119.jpg
